country,iso2,iso3,year,case.type,sex,age.group,prev,prev.lo,prev.hi
Bangladesh,BD,BGD,2008,s,a,15_24,43,,
Bangladesh,BD,BGD,2008,s,a,15plus,79,47,134
Bangladesh,BD,BGD,2008,s,a,25_34,46,,
Bangladesh,BD,BGD,2008,s,a,35_44,82,,
Bangladesh,BD,BGD,2008,s,a,45_54,99,,
Bangladesh,BD,BGD,2008,s,a,55_64,201,,
Bangladesh,BD,BGD,2008,s,a,65plus,150,,
Bangladesh,BD,BGD,2008,s,f,15plus,40,,
Bangladesh,BD,BGD,2008,s,m,15plus,122,,
Bangladesh,BD,BGD,2015,b,a,15_24,103,65,152
Bangladesh,BD,BGD,2015,b,a,15plus,287,244,330
Bangladesh,BD,BGD,2015,b,a,25_34,183,122,244
Bangladesh,BD,BGD,2015,b,a,35_44,302,215,389
Bangladesh,BD,BGD,2015,b,a,45_54,338,235,441
Bangladesh,BD,BGD,2015,b,a,55_64,462,317,607
Bangladesh,BD,BGD,2015,a,a,all,260,220,301
Bangladesh,BD,BGD,2015,s,a,35_44,138,74,202
Bangladesh,BD,BGD,2015,s,a,45_54,137,72,202
Bangladesh,BD,BGD,2015,s,a,55_64,147,64,229
Bangladesh,BD,BGD,2015,s,a,65plus,333,185,480
Bangladesh,BD,BGD,2015,s,f,15plus,48,30,67
Bangladesh,BD,BGD,2015,s,m,15plus,187,141,234
Bangladesh,BD,BGD,2015,b,a,65plus,954,715,1194
Bangladesh,BD,BGD,2015,b,f,15plus,143,109,178
Bangladesh,BD,BGD,2015,b,m,15plus,452,379,526
Bangladesh,BD,BGD,2015,s,a,15_24,45,21,69
Bangladesh,BD,BGD,2015,s,a,15plus,113,87,139
Bangladesh,BD,BGD,2015,s,a,25_34,77,39,116
China,CN,CHN,1990,a,a,all,215,201,230
China,CN,CHN,1990,b,a,3monthplus,177,165,189
China,CN,CHN,1990,b,f,3monthplus,118,,
China,CN,CHN,1990,b,m,3monthplus,208,,
China,CN,CHN,1990,s,a,15_24,115,,
China,CN,CHN,1990,s,a,25_34,250,,
China,CN,CHN,1990,s,m,3monthplus,160,,
China,CN,CHN,1990,s,a,35_44,305,,
China,CN,CHN,1990,s,a,3monthplus,134,124,144
China,CN,CHN,1990,s,a,45_54,476,,
China,CN,CHN,1990,s,a,55_64,708,,
China,CN,CHN,1990,s,a,65plus,1575,,
China,CN,CHN,1990,s,f,3monthplus,89,,
China,CN,CHN,2000,a,a,all,170,146,196
China,CN,CHN,2000,b,a,3monthplus,160,143,177
China,CN,CHN,2000,b,f,3monthplus,117,,
China,CN,CHN,2000,b,m,3monthplus,311,,
China,CN,CHN,2000,s,a,15_24,181,,
China,CN,CHN,2000,s,a,25_34,129,,
China,CN,CHN,2000,s,m,3monthplus,243,,
China,CN,CHN,2000,s,a,35_44,268,,
China,CN,CHN,2000,s,a,3monthplus,122,108,137
China,CN,CHN,2000,s,a,45_54,301,,
China,CN,CHN,2000,s,a,55_64,566,,
China,CN,CHN,2000,s,a,65plus,2018,,
China,CN,CHN,2000,s,f,3monthplus,92,,
China,CN,CHN,2010,a,a,all,108,94,123
China,CN,CHN,2010,b,a,15_24,45,16,75
China,CN,CHN,2010,b,a,15plus,119,103,135
China,CN,CHN,2010,b,a,25_34,69,38,100
China,CN,CHN,2010,b,a,35_44,79,55,104
China,CN,CHN,2010,b,a,45_54,103,71,135
China,CN,CHN,2010,s,f,15plus,33,23,42
China,CN,CHN,2010,s,a,25_34,35,15,55
China,CN,CHN,2010,s,a,35_44,38,21,55
China,CN,CHN,2010,s,a,45_54,67,38,95
China,CN,CHN,2010,s,a,55_64,136,90,181
China,CN,CHN,2010,s,m,15plus,99,74,123
China,CN,CHN,2010,s,a,65plus,189,138,238
China,CN,CHN,2010,b,a,55_64,200,151,249
China,CN,CHN,2010,b,a,65plus,369,303,435
China,CN,CHN,2010,b,f,15plus,59,46,72
China,CN,CHN,2010,b,m,15plus,177,149,204
China,CN,CHN,2010,s,a,15_24,20,1,39
China,CN,CHN,2010,s,a,15plus,66,53,79
Ethiopia,ET,ETH,2011,b,a,15_24,292,194,390
Ethiopia,ET,ETH,2011,b,a,15plus,277,208,347
Ethiopia,ET,ETH,2011,b,a,25_34,216,129,303
Ethiopia,ET,ETH,2011,b,a,35_44,259,135,382
Ethiopia,ET,ETH,2011,b,a,45_54,337,161,513
Ethiopia,ET,ETH,2011,b,a,55_64,367,153,582
Ethiopia,ET,ETH,2011,a,a,all,240,182,298
Ethiopia,ET,ETH,2011,s,a,35_44,117,43,191
Ethiopia,ET,ETH,2011,s,a,45_54,138,23,253
Ethiopia,ET,ETH,2011,s,a,55_64,159,19,300
Ethiopia,ET,ETH,2011,s,a,65plus,41,1,123
Ethiopia,ET,ETH,2011,s,f,15plus,87,47,127
Ethiopia,ET,ETH,2011,s,m,15plus,133,80,185
Ethiopia,ET,ETH,2011,b,a,65plus,227,33,421
Ethiopia,ET,ETH,2011,b,f,15plus,246,176,315
Ethiopia,ET,ETH,2011,b,m,15plus,304,219,388
Ethiopia,ET,ETH,2011,s,a,15_24,113,53,173
Ethiopia,ET,ETH,2011,s,a,15plus,108,73,143
Ethiopia,ET,ETH,2011,s,a,25_34,86,30,143
Ghana,GH,GHA,2013,b,a,15_24,185,104,265
Ghana,GH,GHA,2013,b,a,15plus,356,288,425
Ghana,GH,GHA,2013,b,a,25_34,228,130,326
Ghana,GH,GHA,2013,b,a,35_44,295,174,416
Ghana,GH,GHA,2013,b,a,45_54,470,294,645
Ghana,GH,GHA,2013,b,a,55_64,607,362,854
Ghana,GH,GHA,2013,a,a,all,290,196,384
Ghana,GH,GHA,2013,s,a,35_44,101,38,164
Ghana,GH,GHA,2013,s,a,45_54,223,129,317
Ghana,GH,GHA,2013,s,a,55_64,245,63,426
Ghana,GH,GHA,2013,s,a,65plus,212,77,347
Ghana,GH,GHA,2013,s,f,15plus,49,21,76
Ghana,GH,GHA,2013,s,m,15plus,198,133,264
Ghana,GH,GHA,2013,b,a,65plus,908,597,1219
Ghana,GH,GHA,2013,b,f,15plus,303,223,382
Ghana,GH,GHA,2013,b,m,15plus,431,327,536
Ghana,GH,GHA,2013,s,a,15_24,49,14,84
Ghana,GH,GHA,2013,s,a,15plus,111,76,145
Ghana,GH,GHA,2013,s,a,25_34,35,1,69
Gambia,GM,GMB,2012,a,a,all,128,94,162
Gambia,GM,GMB,2012,b,a,15_34,133,76,190
Gambia,GM,GMB,2012,b,a,15plus,212,152,272
Gambia,GM,GMB,2012,b,a,35_54,355,219,490
Gambia,GM,GMB,2012,b,a,55plus,329,99,558
Gambia,GM,GMB,2012,s,a,15_34,56,24,88
Gambia,GM,GMB,2012,b,m,15plus,333,233,433
Gambia,GM,GMB,2012,s,a,15plus,90,53,127
Gambia,GM,GMB,2012,s,a,35_54,144,65,223
Gambia,GM,GMB,2012,s,a,55plus,159,0,367
Gambia,GM,GMB,2012,s,f,15plus,41,0,83
Gambia,GM,GMB,2012,s,m,15plus,148,88,208
Gambia,GM,GMB,2012,b,f,15plus,109,54,164
Indonesia,ID,IDN,2004,s,a,15plus,149,94,203
Indonesia,ID,IDN,2004,s,f,15plus,101,,
Indonesia,ID,IDN,2004,s,m,15plus,200,,
Indonesia,ID,IDN,2013,a,a,all,660,523,813
Indonesia,ID,IDN,2013,b,a,15_24,361,254,495
Indonesia,ID,IDN,2013,b,a,15plus,759,590,961
Indonesia,ID,IDN,2013,b,a,25_34,753,562,995
Indonesia,ID,IDN,2013,b,a,35_44,714,527,941
Indonesia,ID,IDN,2013,b,a,45_54,836,609,1108
Indonesia,ID,IDN,2013,s,m,15plus,393,315,471
Indonesia,ID,IDN,2013,s,a,25_34,240,156,324
Indonesia,ID,IDN,2013,s,a,35_44,265,171,359
Indonesia,ID,IDN,2013,s,a,45_54,272,166,377
Indonesia,ID,IDN,2013,s,a,55_64,319,174,463
Indonesia,ID,IDN,2013,s,a,65plus,528,292,763
Indonesia,ID,IDN,2013,s,f,15plus,131,88,174
Indonesia,ID,IDN,2013,b,a,55_64,1030,734,1399
Indonesia,ID,IDN,2013,b,a,65plus,1582,1123,2154
Indonesia,ID,IDN,2013,b,f,15plus,461,354,591
Indonesia,ID,IDN,2013,b,m,15plus,1083,873,1337
Indonesia,ID,IDN,2013,s,a,15_24,138,77,198
Indonesia,ID,IDN,2013,s,a,15plus,257,210,303
Kenya,KE,KEN,2015,b,a,15_24,360,242,478
Kenya,KE,KEN,2015,b,a,15plus,558,455,662
Kenya,KE,KEN,2015,b,a,25_34,716,526,906
Kenya,KE,KEN,2015,b,a,35_44,602,422,782
Kenya,KE,KEN,2015,b,a,45_54,607,432,781
Kenya,KE,KEN,2015,b,a,55_64,587,372,803
Kenya,KE,KEN,2015,a,a,all,426,347,504
Kenya,KE,KEN,2015,s,a,35_44,297,164,430
Kenya,KE,KEN,2015,s,a,45_54,234,101,367
Kenya,KE,KEN,2015,s,a,55_64,118,24,211
Kenya,KE,KEN,2015,s,a,65plus,125,24,226
Kenya,KE,KEN,2015,s,f,15plus,138,79,196
Kenya,KE,KEN,2015,s,m,15plus,346,260,431
Kenya,KE,KEN,2015,b,a,65plus,576,368,783
Kenya,KE,KEN,2015,b,f,15plus,359,258,460
Kenya,KE,KEN,2015,b,m,15plus,809,656,962
Kenya,KE,KEN,2015,s,a,15_24,218,133,303
Kenya,KE,KEN,2015,s,a,15plus,230,174,286
Kenya,KE,KEN,2015,s,a,25_34,259,164,353
Cambodia,KH,KHM,2002,a,a,all,1511,1244,1803
Cambodia,KH,KHM,2002,b,a,10_14,89,,
Cambodia,KH,KHM,2002,b,a,10plus,1208,997,1463
Cambodia,KH,KHM,2002,b,a,15_24,314,,
Cambodia,KH,KHM,2002,b,a,25_34,933,,
Cambodia,KH,KHM,2002,b,a,35_44,1500,,
Cambodia,KH,KHM,2002,s,a,65plus,1546,,
Cambodia,KH,KHM,2002,s,f,10plus,208,,
Cambodia,KH,KHM,2002,s,m,10plus,551,,
Cambodia,KH,KHM,2002,s,a,10plus,362,284,461
Cambodia,KH,KHM,2002,s,a,15_24,132,,
Cambodia,KH,KHM,2002,s,a,25_34,302,,
Cambodia,KH,KHM,2002,s,a,35_44,469,,
Cambodia,KH,KHM,2002,s,a,45_54,637,,
Cambodia,KH,KHM,2002,s,a,55_64,838,,
Cambodia,KH,KHM,2002,b,a,45_54,2092,,
Cambodia,KH,KHM,2002,b,a,55_64,3506,,
Cambodia,KH,KHM,2002,b,a,65plus,6021,,
Cambodia,KH,KHM,2002,b,f,10plus,983,,
Cambodia,KH,KHM,2002,b,m,10plus,1506,,
Cambodia,KH,KHM,2002,s,a,10_14,66,,
Cambodia,KH,KHM,2011,a,a,all,817,690,954
Cambodia,KH,KHM,2011,b,a,15_24,130,74,227
Cambodia,KH,KHM,2011,b,a,15plus,831,707,977
Cambodia,KH,KHM,2011,b,a,25_34,427,304,598
Cambodia,KH,KHM,2011,b,a,35_44,881,667,1163
Cambodia,KH,KHM,2011,b,a,45_54,1029,780,1358
Cambodia,KH,KHM,2011,s,m,15plus,361,265,493
Cambodia,KH,KHM,2011,s,a,25_34,87,41,185
Cambodia,KH,KHM,2011,s,a,35_44,266,169,420
Cambodia,KH,KHM,2011,s,a,45_54,364,218,607
Cambodia,KH,KHM,2011,s,a,55_64,799,534,1194
Cambodia,KH,KHM,2011,s,a,65plus,1007,653,1550
Cambodia,KH,KHM,2011,s,f,15plus,197,127,303
Cambodia,KH,KHM,2011,b,a,55_64,1844,1388,2446
Cambodia,KH,KHM,2011,b,a,65plus,3046,2353,3936
Cambodia,KH,KHM,2011,b,f,15plus,609,486,763
Cambodia,KH,KHM,2011,b,m,15plus,1097,895,1344
Cambodia,KH,KHM,2011,s,a,15_24,18,4,71
Cambodia,KH,KHM,2011,s,a,15plus,271,212,348
Republic of Korea,KR,KOR,1990,b,a,5plus,241,180,300
Republic of Korea,KR,KOR,1990,b,f,5plus,132,,
Republic of Korea,KR,KOR,1990,b,m,5plus,362,,
Republic of Korea,KR,KOR,1990,s,a,5plus,143,,
Republic of Korea,KR,KOR,1990,s,f,5plus,66,,
Republic of Korea,KR,KOR,1990,s,m,5plus,229,,
Republic of Korea,KR,KOR,1995,b,a,5plus,219,180,260
Republic of Korea,KR,KOR,1995,b,f,5plus,128,,
Republic of Korea,KR,KOR,1995,b,m,5plus,324,,
Republic of Korea,KR,KOR,1995,s,a,5plus,93,,
Republic of Korea,KR,KOR,1995,s,f,5plus,61,,
Republic of Korea,KR,KOR,1995,s,m,5plus,129,,
Lao People's Democratic Republic,LA,LAO,2011,a,a,all,540,353,767
Lao People's Democratic Republic,LA,LAO,2011,b,a,15_24,145,41,249
Lao People's Democratic Republic,LA,LAO,2011,b,a,15plus,595,457,733
Lao People's Democratic Republic,LA,LAO,2011,b,a,25_34,292,120,464
Lao People's Democratic Republic,LA,LAO,2011,b,a,35_44,484,307,661
Lao People's Democratic Republic,LA,LAO,2011,b,a,45_54,714,461,968
Lao People's Democratic Republic,LA,LAO,2011,s,m,15plus,420,299,541
Lao People's Democratic Republic,LA,LAO,2011,s,a,25_34,184,16,352
Lao People's Democratic Republic,LA,LAO,2011,s,a,35_44,201,98,304
Lao People's Democratic Republic,LA,LAO,2011,s,a,45_54,412,234,590
Lao People's Democratic Republic,LA,LAO,2011,s,a,55_64,513,279,747
Lao People's Democratic Republic,LA,LAO,2011,s,a,65plus,857,503,1229
Lao People's Democratic Republic,LA,LAO,2011,s,f,15plus,152,88,215
Lao People's Democratic Republic,LA,LAO,2011,b,a,55_64,1131,704,1557
Lao People's Democratic Republic,LA,LAO,2011,b,a,65plus,2410,1665,3156
Lao People's Democratic Republic,LA,LAO,2011,b,f,15plus,366,254,477
Lao People's Democratic Republic,LA,LAO,2011,b,m,15plus,855,646,1064
Lao People's Democratic Republic,LA,LAO,2011,s,a,15_24,80,11,149
Lao People's Democratic Republic,LA,LAO,2011,s,a,15plus,278,199,356
Lesotho,LS,LSO,2019,b,a,15_24,142,26,258
Lesotho,LS,LSO,2019,b,a,15plus,581,466,696
Lesotho,LS,LSO,2019,b,a,25_34,331,147,516
Lesotho,LS,LSO,2019,b,a,35_44,892,516,1268
Lesotho,LS,LSO,2019,b,a,45_54,593,267,920
Lesotho,LS,LSO,2019,b,a,55_64,1211,795,1626
Lesotho,LS,LSO,2019,b,a,65plus,1661,1143,2178
Lesotho,LS,LSO,2019,b,f,15plus,327,218,435
Lesotho,LS,LSO,2019,b,m,15plus,849,642,1057
Lesotho,LS,LSO,2019,a,a,all,720,516,924
Myanmar,MM,MMR,1994,s,a,10plus,104,72,137
Myanmar,MM,MMR,1994,s,a,15_24,0,,
Myanmar,MM,MMR,1994,s,a,25_34,66,,
Myanmar,MM,MMR,1994,s,a,35_44,224,,
Myanmar,MM,MMR,1994,s,a,45_54,340,,
Myanmar,MM,MMR,1994,s,a,55_64,247,,
Myanmar,MM,MMR,1994,s,a,65plus,332,,
Myanmar,MM,MMR,1994,s,f,10plus,60,,
Myanmar,MM,MMR,1994,s,m,10plus,155,,
Myanmar,MM,MMR,2009,a,a,all,544,420,685
Myanmar,MM,MMR,2009,b,a,15_24,95,48,187
Myanmar,MM,MMR,2009,b,a,15plus,613,502,748
Myanmar,MM,MMR,2009,b,a,25_34,469,339,648
Myanmar,MM,MMR,2009,b,a,35_44,739,579,944
Myanmar,MM,MMR,2009,b,a,45_54,811,591,1111
Myanmar,MM,MMR,2009,s,m,15plus,398,301,525
Myanmar,MM,MMR,2009,s,a,25_34,190,131,274
Myanmar,MM,MMR,2009,s,a,35_44,350,231,530
Myanmar,MM,MMR,2009,s,a,45_54,304,189,489
Myanmar,MM,MMR,2009,s,a,55_64,373,248,560
Myanmar,MM,MMR,2009,s,a,65plus,395,225,691
Myanmar,MM,MMR,2009,s,f,15plus,122,77,194
Myanmar,MM,MMR,2009,b,a,55_64,858,619,1189
Myanmar,MM,MMR,2009,b,a,65plus,1438,1135,1819
Myanmar,MM,MMR,2009,b,f,15plus,367,288,469
Myanmar,MM,MMR,2009,b,m,15plus,931,743,1166
Myanmar,MM,MMR,2009,s,a,15_24,43,18,103
Myanmar,MM,MMR,2009,s,a,15plus,242,186,315
Myanmar,MM,MMR,2018,b,a,15_24,156,87,225
Myanmar,MM,MMR,2018,b,a,15plus,468,390,546
Myanmar,MM,MMR,2018,b,a,25_34,288,177,399
Myanmar,MM,MMR,2018,b,a,35_44,507,378,636
Myanmar,MM,MMR,2018,b,a,45_54,528,373,683
Myanmar,MM,MMR,2018,b,a,55_64,872,632,1111
Myanmar,MM,MMR,2018,b,a,65plus,1091,768,1413
Myanmar,MM,MMR,2018,b,f,15plus,210,155,266
Myanmar,MM,MMR,2018,b,m,15plus,759,616,903
Myanmar,MM,MMR,2018,a,a,all,436,361,511
Mongolia,MN,MNG,2015,a,a,all,757,620,894
Mongolia,MN,MNG,2015,b,a,15_24,555,362,748
Mongolia,MN,MNG,2015,b,a,15plus,560,455,665
Mongolia,MN,MNG,2015,b,a,25_34,634,431,837
Mongolia,MN,MNG,2015,b,a,35_44,472,289,655
Mongolia,MN,MNG,2015,b,a,45_54,527,344,711
Mongolia,MN,MNG,2015,s,m,15plus,349,235,464
Mongolia,MN,MNG,2015,s,a,25_34,281,152,410
Mongolia,MN,MNG,2015,s,a,35_44,208,94,323
Mongolia,MN,MNG,2015,s,a,45_54,197,77,318
Mongolia,MN,MNG,2015,s,a,55_64,170,63,277
Mongolia,MN,MNG,2015,s,a,65plus,194,64,323
Mongolia,MN,MNG,2015,s,f,15plus,68,38,99
Mongolia,MN,MNG,2015,b,a,55_64,562,372,752
Mongolia,MN,MNG,2015,b,a,65plus,639,377,900
Mongolia,MN,MNG,2015,b,f,15plus,299,225,372
Mongolia,MN,MNG,2015,b,m,15plus,840,646,1033
Mongolia,MN,MNG,2015,s,a,15_24,135,42,228
Mongolia,MN,MNG,2015,s,a,15plus,204,143,265
Mozambique,MZ,MOZ,2019,b,a,15_24,94,39,150
Mozambique,MZ,MOZ,2019,b,a,15plus,334,252,416
Mozambique,MZ,MOZ,2019,b,a,25_34,349,163,534
Mozambique,MZ,MOZ,2019,b,a,35_44,430,223,638
Mozambique,MZ,MOZ,2019,b,a,45_54,525,262,788
Mozambique,MZ,MOZ,2019,b,a,55_64,309,19,600
Mozambique,MZ,MOZ,2019,b,a,65plus,1141,637,1646
Mozambique,MZ,MOZ,2019,b,f,15plus,211,122,301
Mozambique,MZ,MOZ,2019,b,m,15plus,474,335,614
Mozambique,MZ,MOZ,2019,a,a,all,354,233,475
Malawi,MW,MWI,2013,a,a,all,362,257,468
Malawi,MW,MWI,2013,b,a,15_24,120,36,205
Malawi,MW,MWI,2013,b,a,15plus,452,312,593
Malawi,MW,MWI,2013,b,a,25_34,315,156,474
Malawi,MW,MWI,2013,b,a,35_44,902,468,1336
Malawi,MW,MWI,2013,b,a,45_54,309,131,487
Malawi,MW,MWI,2013,s,m,15plus,303,176,431
Malawi,MW,MWI,2013,s,a,25_34,219,81,356
Malawi,MW,MWI,2013,s,a,35_44,423,199,647
Malawi,MW,MWI,2013,s,a,45_54,146,21,271
Malawi,MW,MWI,2013,s,a,55_64,369,45,693
Malawi,MW,MWI,2013,s,a,65plus,645,261,1028
Malawi,MW,MWI,2013,s,f,15plus,149,85,213
Malawi,MW,MWI,2013,b,a,55_64,800,310,1290
Malawi,MW,MWI,2013,b,a,65plus,1564,888,2241
Malawi,MW,MWI,2013,b,f,15plus,374,246,501
Malawi,MW,MWI,2013,b,m,15plus,546,335,757
Malawi,MW,MWI,2013,s,a,15_24,46,6,86
Malawi,MW,MWI,2013,s,a,15plus,220,142,297
Namibia,NA,NAM,2018,b,a,15_24,191,53,329
Namibia,NA,NAM,2018,b,a,15plus,465,340,590
Namibia,NA,NAM,2018,b,a,25_34,422,163,681
Namibia,NA,NAM,2018,b,a,35_44,626,311,941
Namibia,NA,NAM,2018,b,a,45_54,879,440,1318
Namibia,NA,NAM,2018,b,a,55_64,706,312,1100
Namibia,NA,NAM,2018,b,a,65plus,623,272,974
Namibia,NA,NAM,2018,b,f,15plus,304,196,413
Namibia,NA,NAM,2018,b,m,15plus,643,429,858
Namibia,NA,NAM,2018,a,a,all,425,308,542
Nigeria,NG,NGA,2012,a,a,all,323,239,406
Nigeria,NG,NGA,2012,b,a,15_24,274,130,419
Nigeria,NG,NGA,2012,b,a,15plus,524,378,670
Nigeria,NG,NGA,2012,b,a,25_34,496,312,680
Nigeria,NG,NGA,2012,b,a,35_44,613,316,911
Nigeria,NG,NGA,2012,b,a,45_54,750,420,1079
Nigeria,NG,NGA,2012,s,m,15plus,484,333,635
Nigeria,NG,NGA,2012,s,a,25_34,291,165,418
Nigeria,NG,NGA,2012,s,a,35_44,367,141,593
Nigeria,NG,NGA,2012,s,a,45_54,494,265,722
Nigeria,NG,NGA,2012,s,a,55_64,331,122,540
Nigeria,NG,NGA,2012,s,a,65plus,332,106,559
Nigeria,NG,NGA,2012,s,f,15plus,198,108,289
Nigeria,NG,NGA,2012,b,a,55_64,599,262,936
Nigeria,NG,NGA,2012,b,a,65plus,660,318,1003
Nigeria,NG,NGA,2012,b,f,15plus,359,213,505
Nigeria,NG,NGA,2012,b,m,15plus,751,538,965
Nigeria,NG,NGA,2012,s,a,15_24,193,84,302
Nigeria,NG,NGA,2012,s,a,15plus,318,225,412
Nepal,NP,NPL,2018,b,a,15_24,144,82,206
Nepal,NP,NPL,2018,b,a,15plus,374,308,441
Nepal,NP,NPL,2018,b,a,25_34,148,74,223
Nepal,NP,NPL,2018,b,a,35_44,276,161,391
Nepal,NP,NPL,2018,b,a,45_54,488,292,682
Nepal,NP,NPL,2018,b,a,55_64,813,521,1106
Nepal,NP,NPL,2018,b,a,65plus,1427,1086,1769
Nepal,NP,NPL,2018,b,f,15plus,235,171,299
Nepal,NP,NPL,2018,b,m,15plus,530,428,632
Nepal,NP,NPL,2018,a,a,all,416,314,519
Pakistan,PK,PAK,2011,a,a,all,348,287,409
Pakistan,PK,PAK,2011,b,a,15_24,242,168,315
Pakistan,PK,PAK,2011,b,a,15plus,398,333,463
Pakistan,PK,PAK,2011,b,a,25_34,228,149,307
Pakistan,PK,PAK,2011,b,a,35_44,398,275,521
Pakistan,PK,PAK,2011,b,a,45_54,517,362,671
Pakistan,PK,PAK,2011,s,a,15plus,270,217,323
Pakistan,PK,PAK,2011,s,a,35_44,293,196,391
Pakistan,PK,PAK,2011,s,a,45_54,392,254,530
Pakistan,PK,PAK,2011,s,a,55_64,386,231,540
Pakistan,PK,PAK,2011,s,a,65plus,691,439,942
Pakistan,PK,PAK,2011,s,f,15plus,197,145,249
Pakistan,PK,PAK,2011,s,m,15plus,352,273,431
Pakistan,PK,PAK,2011,b,a,55_64,587,377,797
Pakistan,PK,PAK,2011,b,a,65plus,1369,1028,1710
Pakistan,PK,PAK,2011,b,f,15plus,320,253,388
Pakistan,PK,PAK,2011,b,m,15plus,484,392,577
Pakistan,PK,PAK,2011,s,a,15_24,180,120,239
Pakistan,PK,PAK,2011,s,a,25_34,163,100,226
Philippines,PH,PHL,1997,a,a,all,855,660,1076
Philippines,PH,PHL,1997,b,a,10_29,400,,
Philippines,PH,PHL,1997,b,a,10plus,960,750,1160
Philippines,PH,PHL,1997,b,a,30_49,1570,,
Philippines,PH,PHL,1997,b,a,50plus,1650,,
Philippines,PH,PHL,1997,b,f,10plus,580,,
Philippines,PH,PHL,1997,s,m,10plus,540,,
Philippines,PH,PHL,1997,b,m,10plus,1390,,
Philippines,PH,PHL,1997,s,a,10_29,150,,
Philippines,PH,PHL,1997,s,a,10plus,360,280,450
Philippines,PH,PHL,1997,s,a,30_49,530,,
Philippines,PH,PHL,1997,s,a,50plus,710,,
Philippines,PH,PHL,1997,s,f,10plus,190,,
Philippines,PH,PHL,2007,a,a,all,576,515,640
Philippines,PH,PHL,2007,b,f,10plus,370,260,510
Philippines,PH,PHL,2007,b,m,10plus,970,780,1180
Philippines,PH,PHL,2007,s,f,10plus,190,120,290
Philippines,PH,PHL,2007,s,m,10plus,350,240,480
Philippines,PH,PHL,2007,b,a,10_19,180,90,310
Philippines,PH,PHL,2007,s,a,65plus,638,221,1055
Philippines,PH,PHL,2007,s,a,15_24,54,0,114
Philippines,PH,PHL,2007,s,a,15plus,233,170,296
Philippines,PH,PHL,2007,s,a,25_34,169,44,294
Philippines,PH,PHL,2007,s,a,35_44,326,133,519
Philippines,PH,PHL,2007,s,a,45_54,422,173,671
Philippines,PH,PHL,2007,s,a,55_64,661,270,1051
Philippines,PH,PHL,2007,b,a,15plus,555,466,662
Philippines,PH,PHL,2007,b,a,25_34,359,177,540
Philippines,PH,PHL,2007,b,a,35_44,585,329,842
Philippines,PH,PHL,2007,b,a,45_54,1221,798,1645
Philippines,PH,PHL,2007,b,a,55_64,1134,624,1644
Philippines,PH,PHL,2007,b,a,65plus,1406,790,2023
Philippines,PH,PHL,2007,s,a,30_39,240,100,470
Philippines,PH,PHL,2007,s,a,40_49,460,250,790
Philippines,PH,PHL,2007,s,a,50plus,590,380,870
Philippines,PH,PHL,2007,b,a,10plus,660,530,800
Philippines,PH,PHL,2007,s,a,10plus,280,190,370
Philippines,PH,PHL,2007,b,a,15_24,336,185,487
Philippines,PH,PHL,2007,b,a,20_29,500,300,770
Philippines,PH,PHL,2007,b,a,30_39,600,370,920
Philippines,PH,PHL,2007,b,a,40_49,1100,750,1560
Philippines,PH,PHL,2007,b,a,50plus,1320,990,1720
Philippines,PH,PHL,2007,s,a,10_19,20,0,90
Philippines,PH,PHL,2007,s,a,20_29,220,100,420
Philippines,PH,PHL,2016,a,a,all,982,862,1100
Philippines,PH,PHL,2016,b,a,15_24,799,586,1011
Philippines,PH,PHL,2016,b,a,15plus,1159,1016,1301
Philippines,PH,PHL,2016,b,a,25_34,900,677,1123
Philippines,PH,PHL,2016,b,a,35_44,1126,821,1430
Philippines,PH,PHL,2016,b,a,45_54,1714,1364,2064
Philippines,PH,PHL,2016,s,m,15plus,673,528,819
Philippines,PH,PHL,2016,s,a,25_34,326,195,458
Philippines,PH,PHL,2016,s,a,35_44,470,298,641
Philippines,PH,PHL,2016,s,a,45_54,665,438,891
Philippines,PH,PHL,2016,s,a,55_64,488,285,691
Philippines,PH,PHL,2016,s,a,65plus,503,310,696
Philippines,PH,PHL,2016,s,f,15plus,205,141,270
Philippines,PH,PHL,2016,b,a,55_64,1504,1104,1903
Philippines,PH,PHL,2016,b,a,65plus,1659,1261,2058
Philippines,PH,PHL,2016,b,f,15plus,627,516,739
Philippines,PH,PHL,2016,b,m,15plus,1713,1482,1943
Philippines,PH,PHL,2016,s,a,15_24,330,197,463
Philippines,PH,PHL,2016,s,a,15plus,434,350,518
Democratic People's Republic of Korea,KP,PRK,2016,a,a,all,600,527,676
Democratic People's Republic of Korea,KP,PRK,2016,b,a,15_24,155,70,240
Democratic People's Republic of Korea,KP,PRK,2016,b,a,15plus,587,520,655
Democratic People's Republic of Korea,KP,PRK,2016,b,a,25_34,579,410,748
Democratic People's Republic of Korea,KP,PRK,2016,b,a,35_44,764,611,916
Democratic People's Republic of Korea,KP,PRK,2016,b,a,45_54,877,705,1049
Democratic People's Republic of Korea,KP,PRK,2016,s,m,15plus,535,443,627
Democratic People's Republic of Korea,KP,PRK,2016,s,a,25_34,333,218,448
Democratic People's Republic of Korea,KP,PRK,2016,s,a,35_44,417,302,531
Democratic People's Republic of Korea,KP,PRK,2016,s,a,45_54,525,400,651
Democratic People's Republic of Korea,KP,PRK,2016,s,a,55_64,341,207,474
Democratic People's Republic of Korea,KP,PRK,2016,s,a,65plus,265,137,393
Democratic People's Republic of Korea,KP,PRK,2016,s,f,15plus,164,118,210
Democratic People's Republic of Korea,KP,PRK,2016,b,a,55_64,595,410,781
Democratic People's Republic of Korea,KP,PRK,2016,b,a,65plus,444,264,624
Democratic People's Republic of Korea,KP,PRK,2016,b,f,15plus,319,256,382
Democratic People's Republic of Korea,KP,PRK,2016,b,m,15plus,917,783,1052
Democratic People's Republic of Korea,KP,PRK,2016,s,a,15_24,42,0,84
Democratic People's Republic of Korea,KP,PRK,2016,s,a,15plus,330,283,377
Rwanda,RW,RWA,2012,b,f,15plus,53,20,86
Rwanda,RW,RWA,2012,b,m,15plus,208,139,278
Rwanda,RW,RWA,2012,s,a,15_34,57,27,86
Rwanda,RW,RWA,2012,s,a,15plus,74,48,99
Rwanda,RW,RWA,2012,s,a,35_54,66,21,110
Rwanda,RW,RWA,2012,s,a,55plus,159,54,263
Rwanda,RW,RWA,2012,s,f,15plus,24,5,43
Rwanda,RW,RWA,2012,s,m,15plus,142,88,196
Rwanda,RW,RWA,2012,a,a,all,95,66,124
Rwanda,RW,RWA,2012,b,a,15_34,86,46,125
Rwanda,RW,RWA,2012,b,a,15plus,119,79,160
Rwanda,RW,RWA,2012,b,a,35_54,114,35,193
Rwanda,RW,RWA,2012,b,a,55plus,262,104,421
Sudan,SD,SDN,2013,b,a,15_24,49,21,112
Sudan,SD,SDN,2013,b,a,15plus,183,128,238
Sudan,SD,SDN,2013,b,a,25_34,250,154,408
Sudan,SD,SDN,2013,b,a,35_44,249,154,403
Sudan,SD,SDN,2013,b,a,45_54,227,132,391
Sudan,SD,SDN,2013,b,a,55_64,256,134,487
Sudan,SD,SDN,2013,a,a,all,172,122,222
Sudan,SD,SDN,2013,s,a,35_44,157,88,279
Sudan,SD,SDN,2013,s,a,45_54,68,27,169
Sudan,SD,SDN,2013,s,a,55_64,88,31,246
Sudan,SD,SDN,2013,s,a,65plus,114,51,253
Sudan,SD,SDN,2013,s,f,15plus,58,32,105
Sudan,SD,SDN,2013,s,m,15plus,124,79,194
Sudan,SD,SDN,2013,b,a,65plus,283,163,490
Sudan,SD,SDN,2013,b,f,15plus,143,99,208
Sudan,SD,SDN,2013,b,m,15plus,234,163,334
Sudan,SD,SDN,2013,s,a,15_24,28,9,82
Sudan,SD,SDN,2013,s,a,15plus,87,53,121
Sudan,SD,SDN,2013,s,a,25_34,123,68,220
Eswatini,SZ,SWZ,2018,b,a,15_24,163,48,278
Eswatini,SZ,SWZ,2018,b,a,15plus,352,264,440
Eswatini,SZ,SWZ,2018,b,a,25_34,336,164,509
Eswatini,SZ,SWZ,2018,b,a,35_44,419,149,688
Eswatini,SZ,SWZ,2018,b,a,45_54,703,245,1161
Eswatini,SZ,SWZ,2018,b,a,55_64,305,63,548
Eswatini,SZ,SWZ,2018,b,a,65plus,608,255,961
Eswatini,SZ,SWZ,2018,b,f,15plus,293,181,404
Eswatini,SZ,SWZ,2018,b,m,15plus,425,277,574
Eswatini,SZ,SWZ,2018,a,a,all,354,249,458
Thailand,TH,THA,1991,b,a,10plus,240,,
Thailand,TH,THA,1991,s,a,10plus,170,,
Thailand,TH,THA,2012,b,a,15_24,218,86,555
Thailand,TH,THA,2012,b,a,15plus,242,176,322
Thailand,TH,THA,2012,b,a,25_34,186,91,380
Thailand,TH,THA,2012,b,a,35_44,134,69,259
Thailand,TH,THA,2012,b,a,45_54,265,146,482
Thailand,TH,THA,2012,b,a,55_64,295,187,463
Thailand,TH,THA,2012,a,a,all,243,156,330
Thailand,TH,THA,2012,s,a,35_44,49,18,132
Thailand,TH,THA,2012,s,a,45_54,109,27,439
Thailand,TH,THA,2012,s,a,55_64,164,92,293
Thailand,TH,THA,2012,s,a,65plus,204,108,384
Thailand,TH,THA,2012,s,f,15plus,51,23,117
Thailand,TH,THA,2012,s,m,15plus,159,82,306
Thailand,TH,THA,2012,b,a,65plus,465,290,743
Thailand,TH,THA,2012,b,f,15plus,115,71,184
Thailand,TH,THA,2012,b,m,15plus,376,264,535
Thailand,TH,THA,2012,s,a,15_24,22,2,215
Thailand,TH,THA,2012,s,a,15plus,104,55,195
Thailand,TH,THA,2012,s,a,25_34,126,44,362
United Republic of Tanzania,TZ,TZA,2012,a,a,all,443,258,629
United Republic of Tanzania,TZ,TZA,2012,b,a,15plus,590,330,860
United Republic of Tanzania,TZ,TZA,2012,s,a,15_24,51,13,88
United Republic of Tanzania,TZ,TZA,2012,s,a,15plus,275,232,326
United Republic of Tanzania,TZ,TZA,2012,s,a,25_34,280,178,381
United Republic of Tanzania,TZ,TZA,2012,s,a,35_44,316,199,433
United Republic of Tanzania,TZ,TZA,2012,s,a,45_54,241,123,359
United Republic of Tanzania,TZ,TZA,2012,s,a,55_64,462,264,660
United Republic of Tanzania,TZ,TZA,2012,s,a,65plus,662,436,888
United Republic of Tanzania,TZ,TZA,2012,s,f,15plus,179,130,228
United Republic of Tanzania,TZ,TZA,2012,s,m,15plus,407,319,494
Uganda,UG,UGA,2015,a,a,all,253,191,315
Uganda,UG,UGA,2015,b,a,15_24,228,117,338
Uganda,UG,UGA,2015,b,a,15plus,401,292,509
Uganda,UG,UGA,2015,b,a,25_34,442,291,592
Uganda,UG,UGA,2015,b,a,35_44,624,379,869
Uganda,UG,UGA,2015,b,a,45_54,565,280,850
Uganda,UG,UGA,2015,s,m,15plus,314,216,413
Uganda,UG,UGA,2015,s,a,25_34,191,98,284
Uganda,UG,UGA,2015,s,a,35_44,294,162,425
Uganda,UG,UGA,2015,s,a,45_54,164,25,303
Uganda,UG,UGA,2015,s,a,55_64,254,26,481
Uganda,UG,UGA,2015,s,a,65plus,85,2,205
Uganda,UG,UGA,2015,s,f,15plus,70,25,114
Uganda,UG,UGA,2015,b,a,55_64,636,277,995
Uganda,UG,UGA,2015,b,a,65plus,570,261,879
Uganda,UG,UGA,2015,b,f,15plus,178,109,248
Uganda,UG,UGA,2015,b,m,15plus,734,554,914
Uganda,UG,UGA,2015,s,a,15_24,124,50,198
Uganda,UG,UGA,2015,s,a,15plus,174,111,238
Viet Nam,VN,VNM,2007,a,a,all,266,117,477
Viet Nam,VN,VNM,2007,b,a,15_24,55,22,88
Viet Nam,VN,VNM,2007,b,a,15plus,307,249,366
Viet Nam,VN,VNM,2007,b,a,25_34,136,63,210
Viet Nam,VN,VNM,2007,b,a,35_44,321,222,420
Viet Nam,VN,VNM,2007,b,a,45_54,344,228,460
Viet Nam,VN,VNM,2007,s,m,15plus,351,262,440
Viet Nam,VN,VNM,2007,s,a,25_34,84,24,143
Viet Nam,VN,VNM,2007,s,a,35_44,247,157,337
Viet Nam,VN,VNM,2007,s,a,45_54,234,145,322
Viet Nam,VN,VNM,2007,s,a,55_64,329,187,470
Viet Nam,VN,VNM,2007,s,a,65plus,429,239,620
Viet Nam,VN,VNM,2007,s,f,15plus,69,39,99
Viet Nam,VN,VNM,2007,b,a,55_64,599,288,910
Viet Nam,VN,VNM,2007,b,a,65plus,764,492,1037
Viet Nam,VN,VNM,2007,b,f,15plus,118,75,161
Viet Nam,VN,VNM,2007,b,m,15plus,536,431,642
Viet Nam,VN,VNM,2007,s,a,15_24,42,12,73
Viet Nam,VN,VNM,2007,s,a,15plus,197,150,244
Viet Nam,VN,VNM,2018,b,a,15_24,63,18,226
Viet Nam,VN,VNM,2018,b,a,15plus,322,260,399
Viet Nam,VN,VNM,2018,b,a,25_34,203,114,360
Viet Nam,VN,VNM,2018,b,a,35_44,287,180,454
Viet Nam,VN,VNM,2018,b,a,45_54,423,300,597
Viet Nam,VN,VNM,2018,b,a,55_64,618,463,823
Viet Nam,VN,VNM,2018,b,a,65plus,689,511,930
Viet Nam,VN,VNM,2018,b,f,15plus,133,89,198
Viet Nam,VN,VNM,2018,b,m,15plus,522,420,648
Viet Nam,VN,VNM,2018,a,a,all,289,224,353
South Africa,ZA,ZAF,2018,b,a,15_24,432,232,632
South Africa,ZA,ZAF,2018,b,a,15plus,852,679,1026
South Africa,ZA,ZAF,2018,b,a,25_34,902,583,1221
South Africa,ZA,ZAF,2018,b,a,35_44,1107,703,1511
South Africa,ZA,ZAF,2018,b,a,45_54,1063,682,1443
South Africa,ZA,ZAF,2018,b,a,55_64,845,505,1186
South Africa,ZA,ZAF,2018,b,a,65plus,1104,680,1528
South Africa,ZA,ZAF,2018,b,f,15plus,675,494,855
South Africa,ZA,ZAF,2018,b,m,15plus,1094,835,1352
South Africa,ZA,ZAF,2018,a,a,all,737,584,891
Zambia,ZM,ZMB,2014,b,a,15_24,285,157,412
Zambia,ZM,ZMB,2014,b,a,15plus,638,502,774
Zambia,ZM,ZMB,2014,b,a,25_34,664,337,891
Zambia,ZM,ZMB,2014,b,a,35_44,947,660,1237
Zambia,ZM,ZMB,2014,b,a,45_54,926,611,1240
Zambia,ZM,ZMB,2014,b,a,55_64,708,401,1013
Zambia,ZM,ZMB,2014,a,a,all,455,366,544
Zambia,ZM,ZMB,2014,s,a,35_44,496,315,676
Zambia,ZM,ZMB,2014,s,a,45_54,323,139,507
Zambia,ZM,ZMB,2014,s,a,55_64,333,149,517
Zambia,ZM,ZMB,2014,s,a,65plus,288,91,485
Zambia,ZM,ZMB,2014,s,f,15plus,221,139,303
Zambia,ZM,ZMB,2014,s,m,15plus,445,309,580
Zambia,ZM,ZMB,2014,b,a,65plus,876,535,1218
Zambia,ZM,ZMB,2014,b,f,15plus,487,353,621
Zambia,ZM,ZMB,2014,b,m,15plus,833,641,1024
Zambia,ZM,ZMB,2014,s,a,15_24,154,71,236
Zambia,ZM,ZMB,2014,s,a,15plus,319,232,406
Zambia,ZM,ZMB,2014,s,a,25_34,422,245,599
Zimbabwe,ZW,ZWE,2014,a,a,all,275,217,334
Zimbabwe,ZW,ZWE,2014,b,a,15_24,129,68,245
Zimbabwe,ZW,ZWE,2014,b,a,15plus,344,268,420
Zimbabwe,ZW,ZWE,2014,b,a,25_34,373,255,546
Zimbabwe,ZW,ZWE,2014,b,a,35_44,546,371,804
Zimbabwe,ZW,ZWE,2014,b,a,45_54,310,168,570
Zimbabwe,ZW,ZWE,2014,s,m,15plus,103,43,163
Zimbabwe,ZW,ZWE,2014,s,a,65plus,47,7,341
Zimbabwe,ZW,ZWE,2014,b,a,65plus,547,310,962
Zimbabwe,ZW,ZWE,2014,b,f,15plus,288,189,386
Zimbabwe,ZW,ZWE,2014,b,m,15plus,413,303,523
Zimbabwe,ZW,ZWE,2014,s,a,25_34,138,70,274
Zimbabwe,ZW,ZWE,2014,s,f,15plus,65,27,104
Zimbabwe,ZW,ZWE,2014,b,a,55_64,490,276,869
Zimbabwe,ZW,ZWE,2014,s,a,15_24,52,21,131
Zimbabwe,ZW,ZWE,2014,s,a,15plus,82,47,118
Zimbabwe,ZW,ZWE,2014,s,a,35_44,85,34,215
Zimbabwe,ZW,ZWE,2014,s,a,45_54,75,23,248
Zimbabwe,ZW,ZWE,2014,s,a,55_64,35,5,277
