country,iso2,iso3,rfp_supplied,rfp_used_trials,rfp_registered
Afghanistan,AF,AFG,,,
Albania,AL,ALB,,,
Algeria,DZ,DZA,,,
American Samoa,AS,ASM,,,
Andorra,AD,AND,,,
Angola,AO,AGO,,,
Anguilla,AI,AIA,,,
Antigua and Barbuda,AG,ATG,,,
Argentina,AR,ARG,,,
Armenia,AM,ARM,,,
Aruba,AW,ABW,,,
Australia,AU,AUS,1,1,
Austria,AT,AUT,,,
Azerbaijan,AZ,AZE,,,
Bahamas,BS,BHS,,,
Bahrain,BH,BHR,,,
Bangladesh,BD,BGD,1,,
Barbados,BB,BRB,,,
Belarus,BY,BLR,1,,
Belgium,BE,BEL,,,
Belize,BZ,BLZ,,,
Benin,BJ,BEN,,,
Bermuda,BM,BMU,,,
Bhutan,BT,BTN,,,
Bolivia (Plurinational State of),BO,BOL,,,
"Bonaire, Saint Eustatius and Saba",BQ,BES,,,
Bosnia and Herzegovina,BA,BIH,,,
Botswana,BW,BWA,,1,
Brazil,BR,BRA,1,1,
British Virgin Islands,VG,VGB,,,
Brunei Darussalam,BN,BRN,,,
Bulgaria,BG,BGR,,,
Burkina Faso,BF,BFA,1,,
Burundi,BI,BDI,,,
Cabo Verde,CV,CPV,,,
Cambodia,KH,KHM,1,,
Cameroon,CM,CMR,,,
Canada,CA,CAN,1,,
Cayman Islands,KY,CYM,,,
Central African Republic,CF,CAF,,,
Chad,TD,TCD,,,
Chile,CL,CHL,1,,
China,CN,CHN,,,
"China, Hong Kong SAR",HK,HKG,1,,1
"China, Macao SAR",MO,MAC,,,
Colombia,CO,COL,1,,
Comoros,KM,COM,,,
Congo,CG,COG,,,
Cook Islands,CK,COK,,,
Costa Rica,CR,CRI,,,
Côte d'Ivoire,CI,CIV,,,
Croatia,HR,HRV,,,
Cuba,CU,CUB,,,
Curaçao,CW,CUW,,,
Cyprus,CY,CYP,,,
Czechia,CZ,CZE,,,
Democratic People's Republic of Korea,KP,PRK,,,
Democratic Republic of the Congo,CD,COD,,,1
Denmark,DK,DNK,,,
Djibouti,DJ,DJI,,,
Dominica,DM,DMA,,,
Dominican Republic,DO,DOM,1,,
Ecuador,EC,ECU,,,
Egypt,EG,EGY,,,
El Salvador,SV,SLV,,,
Equatorial Guinea,GQ,GNQ,,,
Eritrea,ER,ERI,,,
Estonia,EE,EST,,,
Eswatini,SZ,SWZ,,,
Ethiopia,ET,ETH,1,,1
Fiji,FJ,FJI,,,
Finland,FI,FIN,,,
France,FR,FRA,,,
French Polynesia,PF,PYF,,,
Gabon,GA,GAB,,,
Gambia,GM,GMB,,,
Georgia,GE,GEO,1,,
Germany,DE,DEU,,,
Ghana,GH,GHA,,,1
Greece,GR,GRC,,,
Greenland,GL,GRL,,,
Grenada,GD,GRD,,,
Guam,GU,GUM,,,
Guatemala,GT,GTM,,,
Guinea,GN,GIN,,,
Guinea-Bissau,GW,GNB,,,
Guyana,GY,GUY,,,
Haiti,HT,HTI,,1,
Honduras,HN,HND,,,
Hungary,HU,HUN,,,
Iceland,IS,ISL,,,
India,IN,IND,1,,1
Indonesia,ID,IDN,,,1
Iran (Islamic Republic of),IR,IRN,1,,
Iraq,IQ,IRQ,,,
Ireland,IE,IRL,,,
Israel,IL,ISR,,,
Italy,IT,ITA,,,
Jamaica,JM,JAM,,,
Japan,JP,JPN,,,
Jordan,JO,JOR,,,
Kazakhstan,KZ,KAZ,1,,
Kenya,KE,KEN,1,1,
Kiribati,KI,KIR,,,
Kosovo,XA,RKS,,,
Kuwait,KW,KWT,,,
Kyrgyzstan,KG,KGZ,,,
Lao People's Democratic Republic,LA,LAO,,,
Latvia,LV,LVA,,,
Lebanon,LB,LBN,,,
Lesotho,LS,LSO,,,
Liberia,LR,LBR,,,
Libya,LY,LBY,,,
Lithuania,LT,LTU,,,
Luxembourg,LU,LUX,,,
Madagascar,MG,MDG,,,
Malawi,MW,MWI,1,1,
Malaysia,MY,MYS,,1,
Maldives,MV,MDV,1,,
Mali,ML,MLI,,,
Malta,MT,MLT,,,
Marshall Islands,MH,MRT,1,,
Mauritania,MR,MRT,,,
Mauritius,MU,MUS,,,
Mexico,MX,MEX,,,
Micronesia (Federated States of),FM,FSM,1,,
Monaco,MC,MCO,,,
Mongolia,MN,MNG,,,1
Montenegro,ME,MNE,,,
Montserrat,MS,MSR,,,
Morocco,MA,MAR,,,
Mozambique,MZ,MOZ,1,,
Myanmar,MM,MMR,1,,1
Namibia,NA,NAM,1,,
Nauru,NR,NRU,,,
Nepal,NP,NPL,,,
Netherlands,NL,NLD,,,
New Caledonia,NC,NCL,,,
New Zealand,NZ,NZL,,,
Nicaragua,NI,NIC,,,
Niger,NE,NER,,,
Nigeria,NG,NGA,,,
Niue,NU,NIU,1,,
North Macedonia,MK,MKD,,,
Northern Mariana Islands,MP,MNP,,,
Norway,NO,NOR,,,
Oman,OM,OMN,,,
Pakistan,PK,PAK,1,,
Palau,PW,PLW,,,
Panama,PA,PAN,,,
Papua New Guinea,PG,PNG,,,
Paraguay,PY,PRY,,,
Peru,PE,PER,,1,
Philippines,PH,PHL,,,1
Poland,PL,POL,,,
Portugal,PT,PRT,,,
Puerto Rico,PR,PRI,,,
Qatar,QA,QAT,,,
Republic of Korea,KR,KOR,1,,
Republic of Moldova,MD,MDA,,,
Romania,RO,ROU,,,
Russian Federation,RU,RUS,,,
Rwanda,RW,RWA,,,
Saint Kitts and Nevis,KN,KNA,,,
Saint Lucia,LC,LCA,,,
Saint Vincent and the Grenadines,VC,VCT,,,
Samoa,WS,WSM,,,
San Marino,SM,SMR,,,
Sao Tome and Principe,ST,STP,,,
Saudi Arabia,SA,SAU,,,
Senegal,SN,SEN,,,
Serbia,RS,SRB,,,
Seychelles,SC,SYC,,,
Sierra Leone,SL,SLE,,,
Singapore,SG,SGP,,,1
Sint Maarten (Dutch part),SX,SXM,,,
Slovakia,SK,SVK,,,
Slovenia,SI,SVN,,,
Solomon Islands,SB,SLB,,,
Somalia,SO,SOM,,,
South Africa,ZA,ZAF,,1,1
South Sudan,SS,SSD,,,
Spain,ES,ESP,,1,
Sri Lanka,LK,LKA,,,
Sudan,SD,SDN,,,
Suriname,SR,SUR,,,
Sweden,SE,SWE,,,
Switzerland,CH,CHE,,,
Syrian Arab Republic,SY,SYR,,,
Tajikistan,TJ,TJK,1,,
Thailand,TH,THA,1,,1
Timor-Leste,TL,TLS,,,
Togo,TG,TGO,,,
Tokelau,TK,TKL,,,
Tonga,TO,TON,,,
Trinidad and Tobago,TT,TTO,,,
Tunisia,TN,TUN,,,
Turkey,TR,TUR,,,
Turkmenistan,TM,TKM,1,,1
Turks and Caicos Islands,TC,TCA,,,
Tuvalu,TV,TUV,,,
Uganda,UG,UGA,1,1,1
Ukraine,UA,UKR,,,
United Arab Emirates,AE,ARE,1,,
United Kingdom of Great Britain and Northern Ireland,GB,GBR,,,
United Republic of Tanzania,TZ,TZA,,,
United States of America,US,USA,1,,1
Uruguay,UY,URY,,,
Uzbekistan,UZ,UZB,1,,
Vanuatu,VU,VUT,,,
Venezuela (Bolivarian Republic of),VE,VEN,,,
Viet Nam,VN,VNM,1,1,
Wallis and Futuna Islands,WF,WLF,,,
West Bank and Gaza Strip,PS,PSE,,,
Yemen,YE,YEM,,,
Zambia,ZM,ZMB,,,
Zimbabwe,ZW,ZWE,1,,
