iso3,year,risk.factor,measure,unit,sex,age,best,lo,hi
AFG,2020,hiv,inc,num,a,a,0,0,0
AFG,2020,diabetes,inc,num,a,18+,4105,727,10347
AFG,2020,diabetes,inc,num,f,18+,2122,441,5098
AFG,2020,diabetes,inc,num,m,18+,1971,407,4742
AFG,2020,alcohol,inc,num,a,15+,677,94,1822
AFG,2020,alcohol,inc,num,f,15+,86,19,203
AFG,2020,alcohol,inc,num,m,15+,498,111,1169
AFG,2020,smoking,inc,num,a,15+,,,
AFG,2020,smoking,inc,num,f,15+,,,
AFG,2020,smoking,inc,num,m,15+,,,
AFG,2020,undernutrition,inc,num,a,a,29733,19140,42621
AGO,2020,hiv,inc,num,a,a,12864,5541,23218
AGO,2020,diabetes,inc,num,a,18+,4143,288,12993
AGO,2020,diabetes,inc,num,f,18+,1637,165,4756
AGO,2020,diabetes,inc,num,m,18+,2496,239,7335
AGO,2020,alcohol,inc,num,a,15+,12818,1638,35246
AGO,2020,alcohol,inc,num,f,15+,1668,321,4102
AGO,2020,alcohol,inc,num,m,15+,12016,2683,28212
AGO,2020,smoking,inc,num,a,15+,,,
AGO,2020,smoking,inc,num,f,15+,,,
AGO,2020,smoking,inc,num,m,15+,,,
AGO,2020,undernutrition,inc,num,a,a,33419,21421,48041
ALB,2020,hiv,inc,num,a,a,4,0,12
ALB,2020,diabetes,inc,num,a,18+,14,5,29
ALB,2020,diabetes,inc,num,f,18+,3,1,7
ALB,2020,diabetes,inc,num,m,18+,11,3,22
ALB,2020,alcohol,inc,num,a,15+,49,20,92
ALB,2020,alcohol,inc,num,f,15+,4,2,8
ALB,2020,alcohol,inc,num,m,15+,55,26,95
ALB,2020,smoking,inc,num,a,15+,58,16,126
ALB,2020,smoking,inc,num,f,15+,4,1,10
ALB,2020,smoking,inc,num,m,15+,64,24,125
ALB,2020,undernutrition,inc,num,a,a,31,26,37
AND,2020,hiv,inc,num,a,a,,,
AND,2020,diabetes,inc,num,a,18+,0,0,0
AND,2020,diabetes,inc,num,f,18+,0,0,0
AND,2020,diabetes,inc,num,m,18+,0,0,0
AND,2020,alcohol,inc,num,a,15+,0,0,0
AND,2020,alcohol,inc,num,f,15+,0,0,0
AND,2020,alcohol,inc,num,m,15+,0,0,0
AND,2020,smoking,inc,num,a,15+,0,0,0
AND,2020,smoking,inc,num,f,15+,0,0,0
AND,2020,smoking,inc,num,m,15+,0,0,0
AND,2020,undernutrition,inc,num,a,a,,,
ARE,2020,hiv,inc,num,a,a,,,
ARE,2020,diabetes,inc,num,a,18+,5,2,9
ARE,2020,diabetes,inc,num,f,18+,1,0,3
ARE,2020,diabetes,inc,num,m,18+,0,0,0
ARE,2020,alcohol,inc,num,a,15+,1,0,2
ARE,2020,alcohol,inc,num,f,15+,0,0,0
ARE,2020,alcohol,inc,num,m,15+,0,0,0
ARE,2020,smoking,inc,num,a,15+,5,1,13
ARE,2020,smoking,inc,num,f,15+,0,0,0
ARE,2020,smoking,inc,num,m,15+,0,0,0
ARE,2020,undernutrition,inc,num,a,a,4,4,5
ARG,2020,hiv,inc,num,a,a,797,417,1299
ARG,2020,diabetes,inc,num,a,18+,634,220,1262
ARG,2020,diabetes,inc,num,f,18+,262,92,518
ARG,2020,diabetes,inc,num,m,18+,369,125,742
ARG,2020,alcohol,inc,num,a,15+,1859,695,3585
ARG,2020,alcohol,inc,num,f,15+,377,155,695
ARG,2020,alcohol,inc,num,m,15+,1556,718,2713
ARG,2020,smoking,inc,num,a,15+,1451,339,3357
ARG,2020,smoking,inc,num,f,15+,459,135,978
ARG,2020,smoking,inc,num,m,15+,1028,326,2126
ARG,2020,undernutrition,inc,num,a,a,1084,913,1268
ARM,2020,hiv,inc,num,a,a,72,39,115
ARM,2020,diabetes,inc,num,a,18+,34,11,68
ARM,2020,diabetes,inc,num,f,18+,8,3,17
ARM,2020,diabetes,inc,num,m,18+,24,7,50
ARM,2020,alcohol,inc,num,a,15+,73,26,144
ARM,2020,alcohol,inc,num,f,15+,7,2,14
ARM,2020,alcohol,inc,num,m,15+,86,36,158
ARM,2020,smoking,inc,num,a,15+,81,21,181
ARM,2020,smoking,inc,num,f,15+,1,0,3
ARM,2020,smoking,inc,num,m,15+,103,36,206
ARM,2020,undernutrition,inc,num,a,a,37,28,47
ATG,2020,hiv,inc,num,a,a,,,
ATG,2020,diabetes,inc,num,a,18+,0,0,0
ATG,2020,diabetes,inc,num,f,18+,0,,
ATG,2020,diabetes,inc,num,m,18+,0,0,0
ATG,2020,alcohol,inc,num,a,15+,0,0,0
ATG,2020,alcohol,inc,num,f,15+,0,,
ATG,2020,alcohol,inc,num,m,15+,0,0,0
ATG,2020,smoking,inc,num,a,15+,,,
ATG,2020,smoking,inc,num,f,15+,,,
ATG,2020,smoking,inc,num,m,15+,,,
ATG,2020,undernutrition,inc,num,a,a,,,
AUS,2020,hiv,inc,num,a,a,22,11,38
AUS,2020,diabetes,inc,num,a,18+,52,20,99
AUS,2020,diabetes,inc,num,f,18+,21,7,42
AUS,2020,diabetes,inc,num,m,18+,29,10,59
AUS,2020,alcohol,inc,num,a,15+,170,65,324
AUS,2020,alcohol,inc,num,f,15+,51,21,93
AUS,2020,alcohol,inc,num,m,15+,112,49,201
AUS,2020,smoking,inc,num,a,15+,136,36,300
AUS,2020,smoking,inc,num,f,15+,55,17,115
AUS,2020,smoking,inc,num,m,15+,75,24,156
AUS,2020,undernutrition,inc,num,a,a,96,82,112
AUT,2020,hiv,inc,num,a,a,9,4,15
AUT,2020,diabetes,inc,num,a,18+,8,3,17
AUT,2020,diabetes,inc,num,f,18+,2,0,4
AUT,2020,diabetes,inc,num,m,18+,6,2,14
AUT,2020,alcohol,inc,num,a,15+,91,42,158
AUT,2020,alcohol,inc,num,f,15+,17,8,30
AUT,2020,alcohol,inc,num,m,15+,76,39,124
AUT,2020,smoking,inc,num,a,15+,59,19,121
AUT,2020,smoking,inc,num,f,15+,19,6,37
AUT,2020,smoking,inc,num,m,15+,38,13,75
AUT,2020,undernutrition,inc,num,a,a,22,19,26
AZE,2020,hiv,inc,num,a,a,108,50,186
AZE,2020,diabetes,inc,num,a,18+,333,115,665
AZE,2020,diabetes,inc,num,f,18+,122,42,245
AZE,2020,diabetes,inc,num,m,18+,204,66,419
AZE,2020,alcohol,inc,num,a,15+,701,243,1396
AZE,2020,alcohol,inc,num,f,15+,94,34,182
AZE,2020,alcohol,inc,num,m,15+,697,288,1284
AZE,2020,smoking,inc,num,a,15+,570,118,1371
AZE,2020,smoking,inc,num,f,15+,2,0,6
AZE,2020,smoking,inc,num,m,15+,662,195,1408
AZE,2020,undernutrition,inc,num,a,a,307,233,392
BDI,2020,hiv,inc,num,a,a,925,398,1670
BDI,2020,diabetes,inc,num,a,18+,252,20,765
BDI,2020,diabetes,inc,num,f,18+,92,9,268
BDI,2020,diabetes,inc,num,m,18+,157,14,464
BDI,2020,alcohol,inc,num,a,15+,1661,250,4377
BDI,2020,alcohol,inc,num,f,15+,233,51,551
BDI,2020,alcohol,inc,num,m,15+,1604,409,3600
BDI,2020,smoking,inc,num,a,15+,625,29,2106
BDI,2020,smoking,inc,num,f,15+,57,5,165
BDI,2020,smoking,inc,num,m,15+,660,88,1798
BDI,2020,undernutrition,inc,num,a,a,,,
BEL,2020,hiv,inc,num,a,a,31,10,64
BEL,2020,diabetes,inc,num,a,18+,21,7,43
BEL,2020,diabetes,inc,num,f,18+,5,1,11
BEL,2020,diabetes,inc,num,m,18+,16,6,33
BEL,2020,alcohol,inc,num,a,15+,148,63,270
BEL,2020,alcohol,inc,num,f,15+,28,12,50
BEL,2020,alcohol,inc,num,m,15+,132,64,224
BEL,2020,smoking,inc,num,a,15+,116,33,248
BEL,2020,smoking,inc,num,f,15+,35,12,71
BEL,2020,smoking,inc,num,m,15+,79,27,160
BEL,2020,undernutrition,inc,num,a,a,46,39,54
BEN,2020,hiv,inc,num,a,a,934,418,1654
BEN,2020,diabetes,inc,num,a,18+,226,31,609
BEN,2020,diabetes,inc,num,f,18+,84,14,213
BEN,2020,diabetes,inc,num,m,18+,143,23,369
BEN,2020,alcohol,inc,num,a,15+,839,145,2129
BEN,2020,alcohol,inc,num,f,15+,116,27,268
BEN,2020,alcohol,inc,num,m,15+,795,212,1757
BEN,2020,smoking,inc,num,a,15+,215,13,692
BEN,2020,smoking,inc,num,f,15+,8,0,27
BEN,2020,smoking,inc,num,m,15+,241,34,643
BEN,2020,undernutrition,inc,num,a,a,935,601,1342
BFA,2020,hiv,inc,num,a,a,732,315,1321
BFA,2020,diabetes,inc,num,a,18+,292,30,841
BFA,2020,diabetes,inc,num,f,18+,91,13,244
BFA,2020,diabetes,inc,num,m,18+,217,33,571
BFA,2020,alcohol,inc,num,a,15+,384,50,1054
BFA,2020,alcohol,inc,num,f,15+,23,5,56
BFA,2020,alcohol,inc,num,m,15+,446,100,1046
BFA,2020,smoking,inc,num,a,15+,621,31,2067
BFA,2020,smoking,inc,num,f,15+,34,1,114
BFA,2020,smoking,inc,num,m,15+,692,100,1844
BFA,2020,undernutrition,inc,num,a,a,2852,1842,4078
BGD,2020,hiv,inc,num,a,a,687,291,1250
BGD,2020,diabetes,inc,num,a,18+,17491,5341,36716
BGD,2020,diabetes,inc,num,f,18+,7324,2288,15237
BGD,2020,diabetes,inc,num,m,18+,10231,3146,21419
BGD,2020,alcohol,inc,num,a,15+,6868,1908,14947
BGD,2020,alcohol,inc,num,f,15+,1149,380,2336
BGD,2020,alcohol,inc,num,m,15+,6617,2231,13345
BGD,2020,smoking,inc,num,a,15+,39349,8304,94077
BGD,2020,smoking,inc,num,f,15+,937,128,2535
BGD,2020,smoking,inc,num,m,15+,38565,11708,81141
BGD,2020,undernutrition,inc,num,a,a,79987,59839,103014
BGR,2020,hiv,inc,num,a,a,1,0,7
BGR,2020,diabetes,inc,num,a,18+,47,16,95
BGR,2020,diabetes,inc,num,f,18+,14,4,31
BGR,2020,diabetes,inc,num,m,18+,34,10,71
BGR,2020,alcohol,inc,num,a,15+,178,72,332
BGR,2020,alcohol,inc,num,f,15+,18,7,35
BGR,2020,alcohol,inc,num,m,15+,185,83,328
BGR,2020,smoking,inc,num,a,15+,230,72,479
BGR,2020,smoking,inc,num,f,15+,72,24,147
BGR,2020,smoking,inc,num,m,15+,161,56,322
BGR,2020,undernutrition,inc,num,a,a,82,62,105
BHR,2020,hiv,inc,num,a,a,8,2,17
BHR,2020,diabetes,inc,num,a,18+,11,4,22
BHR,2020,diabetes,inc,num,f,18+,3,1,7
BHR,2020,diabetes,inc,num,m,18+,7,3,14
BHR,2020,alcohol,inc,num,a,15+,7,2,15
BHR,2020,alcohol,inc,num,f,15+,0,0,1
BHR,2020,alcohol,inc,num,m,15+,7,3,12
BHR,2020,smoking,inc,num,a,15+,20,4,49
BHR,2020,smoking,inc,num,f,15+,1,0,4
BHR,2020,smoking,inc,num,m,15+,22,6,46
BHR,2020,undernutrition,inc,num,a,a,,,
BHS,2020,hiv,inc,num,a,a,6,2,12
BHS,2020,diabetes,inc,num,a,18+,2,0,4
BHS,2020,diabetes,inc,num,f,18+,0,0,1
BHS,2020,diabetes,inc,num,m,18+,1,0,2
BHS,2020,alcohol,inc,num,a,15+,4,1,8
BHS,2020,alcohol,inc,num,f,15+,0,0,1
BHS,2020,alcohol,inc,num,m,15+,4,1,7
BHS,2020,smoking,inc,num,a,15+,2,0,5
BHS,2020,smoking,inc,num,f,15+,0,0,0
BHS,2020,smoking,inc,num,m,15+,2,0,4
BHS,2020,undernutrition,inc,num,a,a,,,
BIH,2020,hiv,inc,num,a,a,1,0,3
BIH,2020,diabetes,inc,num,a,18+,29,10,58
BIH,2020,diabetes,inc,num,f,18+,10,3,21
BIH,2020,diabetes,inc,num,m,18+,19,6,40
BIH,2020,alcohol,inc,num,a,15+,101,40,189
BIH,2020,alcohol,inc,num,f,15+,15,6,28
BIH,2020,alcohol,inc,num,m,15+,94,41,169
BIH,2020,smoking,inc,num,a,15+,144,40,313
BIH,2020,smoking,inc,num,f,15+,45,13,96
BIH,2020,smoking,inc,num,m,15+,104,33,214
BIH,2020,undernutrition,inc,num,a,a,44,33,56
BLR,2020,hiv,inc,num,a,a,218,112,358
BLR,2020,diabetes,inc,num,a,18+,89,28,184
BLR,2020,diabetes,inc,num,f,18+,25,7,56
BLR,2020,diabetes,inc,num,m,18+,64,17,140
BLR,2020,alcohol,inc,num,a,15+,716,329,1250
BLR,2020,alcohol,inc,num,f,15+,89,37,165
BLR,2020,alcohol,inc,num,m,15+,719,378,1167
BLR,2020,smoking,inc,num,a,15+,310,88,669
BLR,2020,smoking,inc,num,f,15+,39,11,85
BLR,2020,smoking,inc,num,m,15+,319,110,636
BLR,2020,undernutrition,inc,num,a,a,128,97,163
BLZ,2020,hiv,inc,num,a,a,21,11,35
BLZ,2020,diabetes,inc,num,a,18+,5,1,10
BLZ,2020,diabetes,inc,num,f,18+,2,0,4
BLZ,2020,diabetes,inc,num,m,18+,2,0,5
BLZ,2020,alcohol,inc,num,a,15+,12,4,25
BLZ,2020,alcohol,inc,num,f,15+,1,0,3
BLZ,2020,alcohol,inc,num,m,15+,11,5,19
BLZ,2020,smoking,inc,num,a,15+,,,
BLZ,2020,smoking,inc,num,f,15+,,,
BLZ,2020,smoking,inc,num,m,15+,,,
BLZ,2020,undernutrition,inc,num,a,a,13,11,15
BOL,2020,hiv,inc,num,a,a,502,212,915
BOL,2020,diabetes,inc,num,a,18+,459,92,1114
BOL,2020,diabetes,inc,num,f,18+,195,43,459
BOL,2020,diabetes,inc,num,m,18+,248,44,624
BOL,2020,alcohol,inc,num,a,15+,1598,418,3557
BOL,2020,alcohol,inc,num,f,15+,362,106,774
BOL,2020,alcohol,inc,num,m,15+,1349,429,2786
BOL,2020,smoking,inc,num,a,15+,,,
BOL,2020,smoking,inc,num,f,15+,,,
BOL,2020,smoking,inc,num,m,15+,,,
BOL,2020,undernutrition,inc,num,a,a,3111,2021,4433
BRA,2020,hiv,inc,num,a,a,10770,4875,18961
BRA,2020,diabetes,inc,num,a,18+,4294,1547,8419
BRA,2020,diabetes,inc,num,f,18+,1494,514,2987
BRA,2020,diabetes,inc,num,m,18+,2691,914,5411
BRA,2020,alcohol,inc,num,a,15+,9560,3613,18349
BRA,2020,alcohol,inc,num,f,15+,1291,537,2369
BRA,2020,alcohol,inc,num,m,15+,9854,4466,17338
BRA,2020,smoking,inc,num,a,15+,7581,1808,17411
BRA,2020,smoking,inc,num,f,15+,1835,532,3929
BRA,2020,smoking,inc,num,m,15+,6337,1970,13208
BRA,2020,undernutrition,inc,num,a,a,5010,4238,5846
BRB,2020,hiv,inc,num,a,a,1,0,1
BRB,2020,diabetes,inc,num,a,18+,0,0,0
BRB,2020,diabetes,inc,num,f,18+,0,,
BRB,2020,diabetes,inc,num,m,18+,0,0,0
BRB,2020,alcohol,inc,num,a,15+,0,0,1
BRB,2020,alcohol,inc,num,f,15+,0,,
BRB,2020,alcohol,inc,num,m,15+,1,0,2
BRB,2020,smoking,inc,num,a,15+,0,0,0
BRB,2020,smoking,inc,num,f,15+,0,,
BRB,2020,smoking,inc,num,m,15+,0,0,1
BRB,2020,undernutrition,inc,num,a,a,0,0,0
BRN,2020,hiv,inc,num,a,a,5,1,14
BRN,2020,diabetes,inc,num,a,18+,16,5,32
BRN,2020,diabetes,inc,num,f,18+,6,2,12
BRN,2020,diabetes,inc,num,m,18+,9,3,20
BRN,2020,alcohol,inc,num,a,15+,18,6,36
BRN,2020,alcohol,inc,num,f,15+,2,0,4
BRN,2020,alcohol,inc,num,m,15+,18,7,32
BRN,2020,smoking,inc,num,a,15+,28,6,66
BRN,2020,smoking,inc,num,f,15+,1,0,4
BRN,2020,smoking,inc,num,m,15+,30,10,62
BRN,2020,undernutrition,inc,num,a,a,18,16,21
BTN,2020,hiv,inc,num,a,a,8,0,28
BTN,2020,diabetes,inc,num,a,18+,67,23,134
BTN,2020,diabetes,inc,num,f,18+,33,11,67
BTN,2020,diabetes,inc,num,m,18+,33,11,67
BTN,2020,alcohol,inc,num,a,15+,56,17,119
BTN,2020,alcohol,inc,num,f,15+,8,2,17
BTN,2020,alcohol,inc,num,m,15+,42,15,82
BTN,2020,smoking,inc,num,a,15+,,,
BTN,2020,smoking,inc,num,f,15+,,,
BTN,2020,smoking,inc,num,m,15+,,,
BTN,2020,undernutrition,inc,num,a,a,,,
BWA,2020,hiv,inc,num,a,a,2155,1430,3026
BWA,2020,diabetes,inc,num,a,18+,223,57,500
BWA,2020,diabetes,inc,num,f,18+,95,29,200
BWA,2020,diabetes,inc,num,m,18+,121,34,263
BWA,2020,alcohol,inc,num,a,15+,763,223,1627
BWA,2020,alcohol,inc,num,f,15+,89,30,178
BWA,2020,alcohol,inc,num,m,15+,733,294,1369
BWA,2020,smoking,inc,num,a,15+,521,80,1363
BWA,2020,smoking,inc,num,f,15+,52,11,124
BWA,2020,smoking,inc,num,m,15+,518,138,1145
BWA,2020,undernutrition,inc,num,a,a,1926,1478,2433
CAF,2020,hiv,inc,num,a,a,7621,3788,12772
CAF,2020,diabetes,inc,num,a,18+,973,95,2849
CAF,2020,diabetes,inc,num,f,18+,380,47,1048
CAF,2020,diabetes,inc,num,m,18+,595,72,1655
CAF,2020,alcohol,inc,num,a,15+,2103,309,5579
CAF,2020,alcohol,inc,num,f,15+,214,48,502
CAF,2020,alcohol,inc,num,m,15+,2106,524,4768
CAF,2020,smoking,inc,num,a,15+,,,
CAF,2020,smoking,inc,num,f,15+,,,
CAF,2020,smoking,inc,num,m,15+,,,
CAF,2020,undernutrition,inc,num,a,a,,,
CAN,2020,hiv,inc,num,a,a,73,24,149
CAN,2020,diabetes,inc,num,a,18+,59,22,114
CAN,2020,diabetes,inc,num,f,18+,23,7,46
CAN,2020,diabetes,inc,num,m,18+,32,11,65
CAN,2020,alcohol,inc,num,a,15+,344,149,621
CAN,2020,alcohol,inc,num,f,15+,85,37,152
CAN,2020,alcohol,inc,num,m,15+,235,113,401
CAN,2020,smoking,inc,num,a,15+,151,43,328
CAN,2020,smoking,inc,num,f,15+,55,17,113
CAN,2020,smoking,inc,num,m,15+,87,29,178
CAN,2020,undernutrition,inc,num,a,a,105,89,122
CHE,2020,hiv,inc,num,a,a,17,8,29
CHE,2020,diabetes,inc,num,a,18+,7,2,15
CHE,2020,diabetes,inc,num,f,18+,2,0,4
CHE,2020,diabetes,inc,num,m,18+,5,1,11
CHE,2020,alcohol,inc,num,a,15+,68,30,121
CHE,2020,alcohol,inc,num,f,15+,11,4,20
CHE,2020,alcohol,inc,num,m,15+,58,29,96
CHE,2020,smoking,inc,num,a,15+,47,14,98
CHE,2020,smoking,inc,num,f,15+,18,6,36
CHE,2020,smoking,inc,num,m,15+,29,10,57
CHE,2020,undernutrition,inc,num,a,a,21,17,24
CHL,2020,hiv,inc,num,a,a,280,200,373
CHL,2020,diabetes,inc,num,a,18+,138,54,259
CHL,2020,diabetes,inc,num,f,18+,52,20,99
CHL,2020,diabetes,inc,num,m,18+,83,30,162
CHL,2020,alcohol,inc,num,a,15+,337,134,631
CHL,2020,alcohol,inc,num,f,15+,43,18,80
CHL,2020,alcohol,inc,num,m,15+,330,157,567
CHL,2020,smoking,inc,num,a,15+,546,162,1160
CHL,2020,smoking,inc,num,f,15+,187,64,374
CHL,2020,smoking,inc,num,m,15+,367,131,721
CHL,2020,undernutrition,inc,num,a,a,198,169,231
CHN,2020,hiv,inc,num,a,a,11833,6180,19292
CHN,2020,diabetes,inc,num,a,18+,31544,12737,58732
CHN,2020,diabetes,inc,num,f,18+,8615,3193,16680
CHN,2020,diabetes,inc,num,m,18+,23991,8918,46392
CHN,2020,alcohol,inc,num,a,15+,69207,27181,130529
CHN,2020,alcohol,inc,num,f,15+,1096,444,2036
CHN,2020,alcohol,inc,num,m,15+,82495,38258,143438
CHN,2020,smoking,inc,num,a,15+,90847,26016,195472
CHN,2020,smoking,inc,num,f,15+,2396,652,5254
CHN,2020,smoking,inc,num,m,15+,105974,39934,203675
CHN,2020,undernutrition,inc,num,a,a,43916,37120,51275
CIV,2020,hiv,inc,num,a,a,4921,2175,8770
CIV,2020,diabetes,inc,num,a,18+,1160,162,3121
CIV,2020,diabetes,inc,num,f,18+,408,67,1049
CIV,2020,diabetes,inc,num,m,18+,750,118,1953
CIV,2020,alcohol,inc,num,a,15+,6488,1258,15925
CIV,2020,alcohol,inc,num,f,15+,1161,277,2668
CIV,2020,alcohol,inc,num,m,15+,5592,1604,12025
CIV,2020,smoking,inc,num,a,15+,2273,120,7490
CIV,2020,smoking,inc,num,f,15+,68,3,221
CIV,2020,smoking,inc,num,m,15+,2509,353,6734
CIV,2020,undernutrition,inc,num,a,a,10849,6943,15612
CMR,2020,hiv,inc,num,a,a,10720,5226,18153
CMR,2020,diabetes,inc,num,a,18+,1466,208,3926
CMR,2020,diabetes,inc,num,f,18+,587,97,1508
CMR,2020,diabetes,inc,num,m,18+,866,143,2228
CMR,2020,alcohol,inc,num,a,15+,6281,1104,15869
CMR,2020,alcohol,inc,num,f,15+,896,208,2074
CMR,2020,alcohol,inc,num,m,15+,5855,1601,12814
CMR,2020,smoking,inc,num,a,15+,1846,113,5929
CMR,2020,smoking,inc,num,f,15+,30,1,100
CMR,2020,smoking,inc,num,m,15+,2121,305,5659
CMR,2020,undernutrition,inc,num,a,a,5637,3624,8088
COD,2020,hiv,inc,num,a,a,21624,9358,38938
COD,2020,diabetes,inc,num,a,18+,8552,583,26921
COD,2020,diabetes,inc,num,f,18+,3583,337,10572
COD,2020,diabetes,inc,num,m,18+,4883,412,14739
COD,2020,alcohol,inc,num,a,15+,29506,4052,79682
COD,2020,alcohol,inc,num,f,15+,2769,564,6694
COD,2020,alcohol,inc,num,m,15+,28159,6689,64768
COD,2020,smoking,inc,num,a,15+,,,
COD,2020,smoking,inc,num,f,15+,,,
COD,2020,smoking,inc,num,m,15+,,,
COD,2020,undernutrition,inc,num,a,a,,,
COG,2020,hiv,inc,num,a,a,5994,2198,11660
COG,2020,diabetes,inc,num,a,18+,757,78,2185
COG,2020,diabetes,inc,num,f,18+,303,36,844
COG,2020,diabetes,inc,num,m,18+,446,50,1265
COG,2020,alcohol,inc,num,a,15+,952,141,2520
COG,2020,alcohol,inc,num,f,15+,96,21,227
COG,2020,alcohol,inc,num,m,15+,980,227,2271
COG,2020,smoking,inc,num,a,15+,1368,104,4213
COG,2020,smoking,inc,num,f,15+,33,2,103
COG,2020,smoking,inc,num,m,15+,1464,249,3731
COG,2020,undernutrition,inc,num,a,a,7979,5035,11590
COK,2020,hiv,inc,num,a,a,,,
COK,2020,diabetes,inc,num,a,18+,0,,
COK,2020,diabetes,inc,num,f,18+,0,,
COK,2020,diabetes,inc,num,m,18+,0,,
COK,2020,alcohol,inc,num,a,15+,0,,
COK,2020,alcohol,inc,num,f,15+,0,,
COK,2020,alcohol,inc,num,m,15+,0,,
COK,2020,smoking,inc,num,a,15+,0,,
COK,2020,smoking,inc,num,f,15+,0,,
COK,2020,smoking,inc,num,m,15+,0,,
COK,2020,undernutrition,inc,num,a,a,,,
COL,2020,hiv,inc,num,a,a,2650,1529,4074
COL,2020,diabetes,inc,num,a,18+,748,241,1536
COL,2020,diabetes,inc,num,f,18+,282,88,587
COL,2020,diabetes,inc,num,m,18+,456,138,959
COL,2020,alcohol,inc,num,a,15+,2551,924,4988
COL,2020,alcohol,inc,num,f,15+,550,212,1047
COL,2020,alcohol,inc,num,m,15+,2209,928,4036
COL,2020,smoking,inc,num,a,15+,788,168,1876
COL,2020,smoking,inc,num,f,15+,140,33,321
COL,2020,smoking,inc,num,m,15+,741,203,1620
COL,2020,undernutrition,inc,num,a,a,2030,1540,2587
COM,2020,hiv,inc,num,a,a,1,0,3
COM,2020,diabetes,inc,num,a,18+,10,1,27
COM,2020,diabetes,inc,num,f,18+,3,0,9
COM,2020,diabetes,inc,num,m,18+,6,1,17
COM,2020,alcohol,inc,num,a,15+,4,0,12
COM,2020,alcohol,inc,num,f,15+,0,0,0
COM,2020,alcohol,inc,num,m,15+,5,1,13
COM,2020,smoking,inc,num,a,15+,20,1,62
COM,2020,smoking,inc,num,f,15+,2,0,6
COM,2020,smoking,inc,num,m,15+,20,3,53
COM,2020,undernutrition,inc,num,a,a,,,
CPV,2020,hiv,inc,num,a,a,27,14,45
CPV,2020,diabetes,inc,num,a,18+,8,2,18
CPV,2020,diabetes,inc,num,f,18+,2,0,5
CPV,2020,diabetes,inc,num,m,18+,6,1,13
CPV,2020,alcohol,inc,num,a,15+,26,8,55
CPV,2020,alcohol,inc,num,f,15+,2,1,5
CPV,2020,alcohol,inc,num,m,15+,28,11,52
CPV,2020,smoking,inc,num,a,15+,,,
CPV,2020,smoking,inc,num,f,15+,,,
CPV,2020,smoking,inc,num,m,15+,,,
CPV,2020,undernutrition,inc,num,a,a,63,48,80
CRI,2020,hiv,inc,num,a,a,27,8,57
CRI,2020,diabetes,inc,num,a,18+,21,7,43
CRI,2020,diabetes,inc,num,f,18+,6,2,13
CRI,2020,diabetes,inc,num,m,18+,14,4,30
CRI,2020,alcohol,inc,num,a,15+,69,25,135
CRI,2020,alcohol,inc,num,f,15+,11,4,21
CRI,2020,alcohol,inc,num,m,15+,65,27,119
CRI,2020,smoking,inc,num,a,15+,26,5,64
CRI,2020,smoking,inc,num,f,15+,4,1,9
CRI,2020,smoking,inc,num,m,15+,25,6,58
CRI,2020,undernutrition,inc,num,a,a,34,26,43
CUB,2020,hiv,inc,num,a,a,66,43,94
CUB,2020,diabetes,inc,num,a,18+,27,10,53
CUB,2020,diabetes,inc,num,f,18+,7,2,14
CUB,2020,diabetes,inc,num,m,18+,18,5,37
CUB,2020,alcohol,inc,num,a,15+,91,38,166
CUB,2020,alcohol,inc,num,f,15+,11,5,21
CUB,2020,alcohol,inc,num,m,15+,92,44,158
CUB,2020,smoking,inc,num,a,15+,90,21,206
CUB,2020,smoking,inc,num,f,15+,11,2,26
CUB,2020,smoking,inc,num,m,15+,91,28,190
CUB,2020,undernutrition,inc,num,a,a,37,31,43
CYP,2020,hiv,inc,num,a,a,1,0,3
CYP,2020,diabetes,inc,num,a,18+,2,0,4
CYP,2020,diabetes,inc,num,f,18+,0,0,1
CYP,2020,diabetes,inc,num,m,18+,1,0,2
CYP,2020,alcohol,inc,num,a,15+,9,3,16
CYP,2020,alcohol,inc,num,f,15+,2,0,3
CYP,2020,alcohol,inc,num,m,15+,6,3,11
CYP,2020,smoking,inc,num,a,15+,11,3,23
CYP,2020,smoking,inc,num,f,15+,3,1,6
CYP,2020,smoking,inc,num,m,15+,7,2,14
CYP,2020,undernutrition,inc,num,a,a,5,4,5
CZE,2020,hiv,inc,num,a,a,2,1,5
CZE,2020,diabetes,inc,num,a,18+,18,6,35
CZE,2020,diabetes,inc,num,f,18+,3,1,8
CZE,2020,diabetes,inc,num,m,18+,14,4,28
CZE,2020,alcohol,inc,num,a,15+,60,25,111
CZE,2020,alcohol,inc,num,f,15+,4,2,8
CZE,2020,alcohol,inc,num,m,15+,68,33,116
CZE,2020,smoking,inc,num,a,15+,74,23,153
CZE,2020,smoking,inc,num,f,15+,16,5,32
CZE,2020,smoking,inc,num,m,15+,57,21,112
CZE,2020,undernutrition,inc,num,a,a,21,18,25
DEU,2020,hiv,inc,num,a,a,114,52,200
DEU,2020,diabetes,inc,num,a,18+,127,50,240
DEU,2020,diabetes,inc,num,f,18+,35,12,70
DEU,2020,diabetes,inc,num,m,18+,92,33,181
DEU,2020,alcohol,inc,num,a,15+,706,305,1271
DEU,2020,alcohol,inc,num,f,15+,157,69,280
DEU,2020,alcohol,inc,num,m,15+,581,277,996
DEU,2020,smoking,inc,num,a,15+,705,230,1440
DEU,2020,smoking,inc,num,f,15+,235,84,462
DEU,2020,smoking,inc,num,m,15+,453,163,887
DEU,2020,undernutrition,inc,num,a,a,240,204,279
DJI,2020,hiv,inc,num,a,a,73,32,132
DJI,2020,diabetes,inc,num,a,18+,84,20,191
DJI,2020,diabetes,inc,num,f,18+,32,7,75
DJI,2020,diabetes,inc,num,m,18+,51,13,115
DJI,2020,alcohol,inc,num,a,15+,39,10,86
DJI,2020,alcohol,inc,num,f,15+,4,1,8
DJI,2020,alcohol,inc,num,m,15+,39,13,79
DJI,2020,smoking,inc,num,a,15+,,,
DJI,2020,smoking,inc,num,f,15+,,,
DJI,2020,smoking,inc,num,m,15+,,,
DJI,2020,undernutrition,inc,num,a,a,,,
DMA,2020,hiv,inc,num,a,a,,,
DMA,2020,diabetes,inc,num,a,18+,1,0,3
DMA,2020,diabetes,inc,num,f,18+,0,0,1
DMA,2020,diabetes,inc,num,m,18+,0,0,1
DMA,2020,alcohol,inc,num,a,15+,4,1,8
DMA,2020,alcohol,inc,num,f,15+,1,0,1
DMA,2020,alcohol,inc,num,m,15+,3,1,6
DMA,2020,smoking,inc,num,a,15+,,,
DMA,2020,smoking,inc,num,f,15+,,,
DMA,2020,smoking,inc,num,m,15+,,,
DMA,2020,undernutrition,inc,num,a,a,3,3,4
DNK,2020,hiv,inc,num,a,a,5,1,11
DNK,2020,diabetes,inc,num,a,18+,5,1,11
DNK,2020,diabetes,inc,num,f,18+,1,0,3
DNK,2020,diabetes,inc,num,m,18+,3,1,7
DNK,2020,alcohol,inc,num,a,15+,38,16,70
DNK,2020,alcohol,inc,num,f,15+,8,3,16
DNK,2020,alcohol,inc,num,m,15+,28,13,49
DNK,2020,smoking,inc,num,a,15+,24,7,53
DNK,2020,smoking,inc,num,f,15+,9,3,19
DNK,2020,smoking,inc,num,m,15+,13,4,27
DNK,2020,undernutrition,inc,num,a,a,12,10,14
DOM,2020,hiv,inc,num,a,a,1115,678,1659
DOM,2020,diabetes,inc,num,a,18+,210,60,450
DOM,2020,diabetes,inc,num,f,18+,86,25,182
DOM,2020,diabetes,inc,num,m,18+,113,30,249
DOM,2020,alcohol,inc,num,a,15+,592,194,1208
DOM,2020,alcohol,inc,num,f,15+,126,46,245
DOM,2020,alcohol,inc,num,m,15+,510,206,948
DOM,2020,smoking,inc,num,a,15+,220,24,625
DOM,2020,smoking,inc,num,f,15+,65,10,167
DOM,2020,smoking,inc,num,m,15+,163,32,397
DOM,2020,undernutrition,inc,num,a,a,483,366,616
DZA,2020,hiv,inc,num,a,a,213,93,382
DZA,2020,diabetes,inc,num,a,18+,1477,454,3092
DZA,2020,diabetes,inc,num,f,18+,570,189,1157
DZA,2020,diabetes,inc,num,m,18+,904,295,1848
DZA,2020,alcohol,inc,num,a,15+,464,120,1035
DZA,2020,alcohol,inc,num,f,15+,0,0,0
DZA,2020,alcohol,inc,num,m,15+,528,177,1068
DZA,2020,smoking,inc,num,a,15+,1914,309,4953
DZA,2020,smoking,inc,num,f,15+,49,6,137
DZA,2020,smoking,inc,num,m,15+,2120,556,4708
DZA,2020,undernutrition,inc,num,a,a,1505,1141,1919
ECU,2020,hiv,inc,num,a,a,393,85,931
ECU,2020,diabetes,inc,num,a,18+,318,83,708
ECU,2020,diabetes,inc,num,f,18+,101,25,229
ECU,2020,diabetes,inc,num,m,18+,207,53,465
ECU,2020,alcohol,inc,num,a,15+,1107,363,2259
ECU,2020,alcohol,inc,num,f,15+,198,74,382
ECU,2020,alcohol,inc,num,m,15+,1048,427,1941
ECU,2020,smoking,inc,num,a,15+,,,
ECU,2020,smoking,inc,num,f,15+,,,
ECU,2020,smoking,inc,num,m,15+,,,
ECU,2020,undernutrition,inc,num,a,a,1375,1043,1751
EGY,2020,hiv,inc,num,a,a,99,42,179
EGY,2020,diabetes,inc,num,a,18+,914,330,1790
EGY,2020,diabetes,inc,num,f,18+,406,168,747
EGY,2020,diabetes,inc,num,m,18+,472,186,889
EGY,2020,alcohol,inc,num,a,15+,352,95,774
EGY,2020,alcohol,inc,num,f,15+,21,7,40
EGY,2020,alcohol,inc,num,m,15+,364,139,696
EGY,2020,smoking,inc,num,a,15+,1191,226,2944
EGY,2020,smoking,inc,num,f,15+,10,1,26
EGY,2020,smoking,inc,num,m,15+,1208,400,2455
EGY,2020,undernutrition,inc,num,a,a,1071,931,1219
ERI,2020,hiv,inc,num,a,a,111,19,280
ERI,2020,diabetes,inc,num,a,18+,75,5,237
ERI,2020,diabetes,inc,num,f,18+,28,2,87
ERI,2020,diabetes,inc,num,m,18+,48,3,151
ERI,2020,alcohol,inc,num,a,15+,136,10,419
ERI,2020,alcohol,inc,num,f,15+,10,1,30
ERI,2020,alcohol,inc,num,m,15+,143,17,401
ERI,2020,smoking,inc,num,a,15+,88,2,325
ERI,2020,smoking,inc,num,f,15+,1,0,4
ERI,2020,smoking,inc,num,m,15+,97,6,312
ERI,2020,undernutrition,inc,num,a,a,,,
ESP,2020,hiv,inc,num,a,a,218,78,430
ESP,2020,diabetes,inc,num,a,18+,142,55,270
ESP,2020,diabetes,inc,num,f,18+,44,16,86
ESP,2020,diabetes,inc,num,m,18+,102,37,200
ESP,2020,alcohol,inc,num,a,15+,140,54,265
ESP,2020,alcohol,inc,num,f,15+,18,7,34
ESP,2020,alcohol,inc,num,m,15+,149,64,268
ESP,2020,smoking,inc,num,a,15+,559,179,1151
ESP,2020,smoking,inc,num,f,15+,209,75,411
ESP,2020,smoking,inc,num,m,15+,352,127,689
ESP,2020,undernutrition,inc,num,a,a,176,150,205
EST,2020,hiv,inc,num,a,a,12,5,22
EST,2020,diabetes,inc,num,a,18+,4,1,9
EST,2020,diabetes,inc,num,f,18+,1,0,2
EST,2020,diabetes,inc,num,m,18+,3,1,7
EST,2020,alcohol,inc,num,a,15+,29,13,52
EST,2020,alcohol,inc,num,f,15+,2,1,4
EST,2020,alcohol,inc,num,m,15+,32,17,51
EST,2020,smoking,inc,num,a,15+,19,6,41
EST,2020,smoking,inc,num,f,15+,4,1,8
EST,2020,smoking,inc,num,m,15+,16,6,32
EST,2020,undernutrition,inc,num,a,a,7,6,8
ETH,2020,hiv,inc,num,a,a,9405,4480,16125
ETH,2020,diabetes,inc,num,a,18+,3888,611,10133
ETH,2020,diabetes,inc,num,f,18+,1626,290,4090
ETH,2020,diabetes,inc,num,m,18+,2277,374,5863
ETH,2020,alcohol,inc,num,a,15+,8120,1525,20118
ETH,2020,alcohol,inc,num,f,15+,770,203,1706
ETH,2020,alcohol,inc,num,m,15+,7635,2172,16468
ETH,2020,smoking,inc,num,a,15+,2810,221,8604
ETH,2020,smoking,inc,num,f,15+,265,27,771
ETH,2020,smoking,inc,num,m,15+,2712,468,6887
ETH,2020,undernutrition,inc,num,a,a,45758,32010,61923
FIN,2020,hiv,inc,num,a,a,2,1,4
FIN,2020,diabetes,inc,num,a,18+,5,1,9
FIN,2020,diabetes,inc,num,f,18+,1,0,3
FIN,2020,diabetes,inc,num,m,18+,2,0,5
FIN,2020,alcohol,inc,num,a,15+,33,14,59
FIN,2020,alcohol,inc,num,f,15+,6,2,11
FIN,2020,alcohol,inc,num,m,15+,22,11,38
FIN,2020,smoking,inc,num,a,15+,19,5,40
FIN,2020,smoking,inc,num,f,15+,7,2,15
FIN,2020,smoking,inc,num,m,15+,9,3,19
FIN,2020,undernutrition,inc,num,a,a,10,8,12
FJI,2020,hiv,inc,num,a,a,32,8,72
FJI,2020,diabetes,inc,num,a,18+,34,10,73
FJI,2020,diabetes,inc,num,f,18+,14,4,31
FJI,2020,diabetes,inc,num,m,18+,18,5,41
FJI,2020,alcohol,inc,num,a,15+,48,13,104
FJI,2020,alcohol,inc,num,f,15+,7,2,14
FJI,2020,alcohol,inc,num,m,15+,43,15,86
FJI,2020,smoking,inc,num,a,15+,56,8,149
FJI,2020,smoking,inc,num,f,15+,10,1,25
FJI,2020,smoking,inc,num,m,15+,48,11,112
FJI,2020,undernutrition,inc,num,a,a,46,35,59
FRA,2020,hiv,inc,num,a,a,259,166,373
FRA,2020,diabetes,inc,num,a,18+,142,49,283
FRA,2020,diabetes,inc,num,f,18+,37,12,76
FRA,2020,diabetes,inc,num,m,18+,110,40,216
FRA,2020,alcohol,inc,num,a,15+,691,286,1270
FRA,2020,alcohol,inc,num,f,15+,117,50,212
FRA,2020,alcohol,inc,num,m,15+,622,299,1061
FRA,2020,smoking,inc,num,a,15+,802,249,1672
FRA,2020,smoking,inc,num,f,15+,273,98,534
FRA,2020,smoking,inc,num,m,15+,511,184,1002
FRA,2020,undernutrition,inc,num,a,a,277,241,315
FSM,2020,hiv,inc,num,a,a,,,
FSM,2020,diabetes,inc,num,a,18+,7,2,15
FSM,2020,diabetes,inc,num,f,18+,2,0,5
FSM,2020,diabetes,inc,num,m,18+,4,1,9
FSM,2020,alcohol,inc,num,a,15+,8,2,17
FSM,2020,alcohol,inc,num,f,15+,1,0,2
FSM,2020,alcohol,inc,num,m,15+,8,3,15
FSM,2020,smoking,inc,num,a,15+,,,
FSM,2020,smoking,inc,num,f,15+,,,
FSM,2020,smoking,inc,num,m,15+,,,
FSM,2020,undernutrition,inc,num,a,a,,,
GAB,2020,hiv,inc,num,a,a,3130,1136,6117
GAB,2020,diabetes,inc,num,a,18+,544,75,1463
GAB,2020,diabetes,inc,num,f,18+,208,30,555
GAB,2020,diabetes,inc,num,m,18+,333,48,887
GAB,2020,alcohol,inc,num,a,15+,1571,330,3760
GAB,2020,alcohol,inc,num,f,15+,205,50,467
GAB,2020,alcohol,inc,num,m,15+,1468,425,3144
GAB,2020,smoking,inc,num,a,15+,,,
GAB,2020,smoking,inc,num,f,15+,,,
GAB,2020,smoking,inc,num,m,15+,,,
GAB,2020,undernutrition,inc,num,a,a,3137,2018,4499
GBR,2020,hiv,inc,num,a,a,153,52,305
GBR,2020,diabetes,inc,num,a,18+,135,56,247
GBR,2020,diabetes,inc,num,f,18+,46,19,86
GBR,2020,diabetes,inc,num,m,18+,87,35,160
GBR,2020,alcohol,inc,num,a,15+,798,341,1446
GBR,2020,alcohol,inc,num,f,15+,191,84,341
GBR,2020,alcohol,inc,num,m,15+,624,306,1053
GBR,2020,smoking,inc,num,a,15+,467,132,1007
GBR,2020,smoking,inc,num,f,15+,173,57,352
GBR,2020,smoking,inc,num,m,15+,289,96,585
GBR,2020,undernutrition,inc,num,a,a,245,219,272
GEO,2020,hiv,inc,num,a,a,49,26,79
GEO,2020,diabetes,inc,num,a,18+,162,62,308
GEO,2020,diabetes,inc,num,f,18+,53,20,103
GEO,2020,diabetes,inc,num,m,18+,110,41,213
GEO,2020,alcohol,inc,num,a,15+,263,99,506
GEO,2020,alcohol,inc,num,f,15+,21,8,40
GEO,2020,alcohol,inc,num,m,15+,300,135,529
GEO,2020,smoking,inc,num,a,15+,388,104,855
GEO,2020,smoking,inc,num,f,15+,27,7,59
GEO,2020,smoking,inc,num,m,15+,408,149,796
GEO,2020,undernutrition,inc,num,a,a,428,354,509
GHA,2020,hiv,inc,num,a,a,8183,2270,17819
GHA,2020,diabetes,inc,num,a,18+,1365,146,3913
GHA,2020,diabetes,inc,num,f,18+,582,60,1679
GHA,2020,diabetes,inc,num,m,18+,775,78,2253
GHA,2020,alcohol,inc,num,a,15+,3761,446,10530
GHA,2020,alcohol,inc,num,f,15+,415,56,1124
GHA,2020,alcohol,inc,num,m,15+,3604,548,9473
GHA,2020,smoking,inc,num,a,15+,847,31,2960
GHA,2020,smoking,inc,num,f,15+,31,1,105
GHA,2020,smoking,inc,num,m,15+,930,67,2893
GHA,2020,undernutrition,inc,num,a,a,5553,2676,9464
GIN,2020,hiv,inc,num,a,a,6708,3443,11045
GIN,2020,diabetes,inc,num,a,18+,712,100,1911
GIN,2020,diabetes,inc,num,f,18+,275,48,694
GIN,2020,diabetes,inc,num,m,18+,447,69,1171
GIN,2020,alcohol,inc,num,a,15+,369,49,1004
GIN,2020,alcohol,inc,num,f,15+,0,0,0
GIN,2020,alcohol,inc,num,m,15+,430,91,1025
GIN,2020,smoking,inc,num,a,15+,,,
GIN,2020,smoking,inc,num,f,15+,,,
GIN,2020,smoking,inc,num,m,15+,,,
GIN,2020,undernutrition,inc,num,a,a,,,
GMB,2020,hiv,inc,num,a,a,597,319,960
GMB,2020,diabetes,inc,num,a,18+,153,24,401
GMB,2020,diabetes,inc,num,f,18+,39,8,94
GMB,2020,diabetes,inc,num,m,18+,118,23,287
GMB,2020,alcohol,inc,num,a,15+,84,13,218
GMB,2020,alcohol,inc,num,f,15+,2,0,5
GMB,2020,alcohol,inc,num,m,15+,111,31,242
GMB,2020,smoking,inc,num,a,15+,291,20,912
GMB,2020,smoking,inc,num,f,15+,4,0,13
GMB,2020,smoking,inc,num,m,15+,373,74,910
GMB,2020,undernutrition,inc,num,a,a,784,579,1020
GNB,2020,hiv,inc,num,a,a,2179,1118,3588
GNB,2020,diabetes,inc,num,a,18+,242,33,654
GNB,2020,diabetes,inc,num,f,18+,90,15,232
GNB,2020,diabetes,inc,num,m,18+,153,24,400
GNB,2020,alcohol,inc,num,a,15+,161,23,431
GNB,2020,alcohol,inc,num,f,15+,6,1,15
GNB,2020,alcohol,inc,num,m,15+,192,43,449
GNB,2020,smoking,inc,num,a,15+,,,
GNB,2020,smoking,inc,num,f,15+,,,
GNB,2020,smoking,inc,num,m,15+,,,
GNB,2020,undernutrition,inc,num,a,a,,,
GNQ,2020,hiv,inc,num,a,a,1574,781,2642
GNQ,2020,diabetes,inc,num,a,18+,172,26,453
GNQ,2020,diabetes,inc,num,f,18+,66,9,177
GNQ,2020,diabetes,inc,num,m,18+,104,17,268
GNQ,2020,alcohol,inc,num,a,15+,520,111,1240
GNQ,2020,alcohol,inc,num,f,15+,67,15,156
GNQ,2020,alcohol,inc,num,m,15+,474,142,1002
GNQ,2020,smoking,inc,num,a,15+,,,
GNQ,2020,smoking,inc,num,f,15+,,,
GNQ,2020,smoking,inc,num,m,15+,,,
GNQ,2020,undernutrition,inc,num,a,a,,,
GRC,2020,hiv,inc,num,a,a,15,7,24
GRC,2020,diabetes,inc,num,a,18+,14,5,27
GRC,2020,diabetes,inc,num,f,18+,3,1,6
GRC,2020,diabetes,inc,num,m,18+,10,3,21
GRC,2020,alcohol,inc,num,a,15+,55,23,101
GRC,2020,alcohol,inc,num,f,15+,6,3,12
GRC,2020,alcohol,inc,num,m,15+,54,25,92
GRC,2020,smoking,inc,num,a,15+,80,26,163
GRC,2020,smoking,inc,num,f,15+,16,6,32
GRC,2020,smoking,inc,num,m,15+,61,23,116
GRC,2020,undernutrition,inc,num,a,a,22,19,26
GRD,2020,hiv,inc,num,a,a,,,
GRD,2020,diabetes,inc,num,a,18+,0,0,0
GRD,2020,diabetes,inc,num,f,18+,0,0,0
GRD,2020,diabetes,inc,num,m,18+,0,,
GRD,2020,alcohol,inc,num,a,15+,0,0,0
GRD,2020,alcohol,inc,num,f,15+,0,0,0
GRD,2020,alcohol,inc,num,m,15+,0,,
GRD,2020,smoking,inc,num,a,15+,,,
GRD,2020,smoking,inc,num,f,15+,,,
GRD,2020,smoking,inc,num,m,15+,,,
GRD,2020,undernutrition,inc,num,a,a,,,
GTM,2020,hiv,inc,num,a,a,367,200,584
GTM,2020,diabetes,inc,num,a,18+,221,57,495
GTM,2020,diabetes,inc,num,f,18+,97,27,210
GTM,2020,diabetes,inc,num,m,18+,119,30,269
GTM,2020,alcohol,inc,num,a,15+,617,176,1328
GTM,2020,alcohol,inc,num,f,15+,155,54,308
GTM,2020,alcohol,inc,num,m,15+,504,191,965
GTM,2020,smoking,inc,num,a,15+,,,
GTM,2020,smoking,inc,num,f,15+,,,
GTM,2020,smoking,inc,num,m,15+,,,
GTM,2020,undernutrition,inc,num,a,a,1285,975,1636
GUY,2020,hiv,inc,num,a,a,103,41,194
GUY,2020,diabetes,inc,num,a,18+,30,8,67
GUY,2020,diabetes,inc,num,f,18+,8,2,18
GUY,2020,diabetes,inc,num,m,18+,19,5,43
GUY,2020,alcohol,inc,num,a,15+,84,27,173
GUY,2020,alcohol,inc,num,f,15+,11,4,22
GUY,2020,alcohol,inc,num,m,15+,87,36,159
GUY,2020,smoking,inc,num,a,15+,38,6,98
GUY,2020,smoking,inc,num,f,15+,1,0,4
GUY,2020,smoking,inc,num,m,15+,49,12,109
GUY,2020,undernutrition,inc,num,a,a,69,52,87
HKG,2020,hiv,inc,num,a,a,,,
HKG,2020,diabetes,inc,num,a,18+,,,
HKG,2020,alcohol,inc,num,a,15+,,,
HKG,2020,smoking,inc,num,a,15+,,,
HKG,2020,undernutrition,inc,num,a,a,219,186,255
HND,2020,hiv,inc,num,a,a,149,83,234
HND,2020,diabetes,inc,num,a,18+,129,33,287
HND,2020,diabetes,inc,num,f,18+,51,15,109
HND,2020,diabetes,inc,num,m,18+,73,19,160
HND,2020,alcohol,inc,num,a,15+,388,119,814
HND,2020,alcohol,inc,num,f,15+,85,30,166
HND,2020,alcohol,inc,num,m,15+,326,128,615
HND,2020,smoking,inc,num,a,15+,,,
HND,2020,smoking,inc,num,f,15+,,,
HND,2020,smoking,inc,num,m,15+,,,
HND,2020,undernutrition,inc,num,a,a,693,526,882
HRV,2020,hiv,inc,num,a,a,1,0,3
HRV,2020,diabetes,inc,num,a,18+,9,3,18
HRV,2020,diabetes,inc,num,f,18+,3,1,6
HRV,2020,diabetes,inc,num,m,18+,6,2,12
HRV,2020,alcohol,inc,num,a,15+,31,13,57
HRV,2020,alcohol,inc,num,f,15+,5,2,9
HRV,2020,alcohol,inc,num,m,15+,27,13,47
HRV,2020,smoking,inc,num,a,15+,45,14,92
HRV,2020,smoking,inc,num,f,15+,17,6,33
HRV,2020,smoking,inc,num,m,15+,26,9,50
HRV,2020,undernutrition,inc,num,a,a,10,9,12
HTI,2020,hiv,inc,num,a,a,2362,1414,3549
HTI,2020,diabetes,inc,num,a,18+,777,182,1795
HTI,2020,diabetes,inc,num,f,18+,354,87,807
HTI,2020,diabetes,inc,num,m,18+,418,101,956
HTI,2020,alcohol,inc,num,a,15+,2560,758,5439
HTI,2020,alcohol,inc,num,f,15+,684,242,1349
HTI,2020,alcohol,inc,num,m,15+,1943,753,3686
HTI,2020,smoking,inc,num,a,15+,840,146,2128
HTI,2020,smoking,inc,num,f,15+,156,39,350
HTI,2020,smoking,inc,num,m,15+,712,189,1575
HTI,2020,undernutrition,inc,num,a,a,9833,7488,12493
HUN,2020,hiv,inc,num,a,a,4,2,8
HUN,2020,diabetes,inc,num,a,18+,16,5,31
HUN,2020,diabetes,inc,num,f,18+,5,1,11
HUN,2020,diabetes,inc,num,m,18+,9,3,19
HUN,2020,alcohol,inc,num,a,15+,140,73,229
HUN,2020,alcohol,inc,num,f,15+,23,11,41
HUN,2020,alcohol,inc,num,m,15+,104,61,159
HUN,2020,smoking,inc,num,a,15+,63,20,130
HUN,2020,smoking,inc,num,f,15+,21,7,43
HUN,2020,smoking,inc,num,m,15+,37,13,74
HUN,2020,undernutrition,inc,num,a,a,23,19,26
IDN,2020,hiv,inc,num,a,a,16071,6324,30285
IDN,2020,diabetes,inc,num,a,18+,27605,9685,54744
IDN,2020,diabetes,inc,num,f,18+,11908,4327,23259
IDN,2020,diabetes,inc,num,m,18+,15472,5008,31734
IDN,2020,alcohol,inc,num,a,15+,13647,4388,28062
IDN,2020,alcohol,inc,num,f,15+,2158,861,4040
IDN,2020,alcohol,inc,num,m,15+,13727,5583,25469
IDN,2020,smoking,inc,num,a,15+,109893,28796,244291
IDN,2020,smoking,inc,num,f,15+,3326,837,7499
IDN,2020,smoking,inc,num,m,15+,107535,42543,202137
IDN,2020,undernutrition,inc,num,a,a,136229,123700,149354
IND,2020,hiv,inc,num,a,a,50802,20737,94102
IND,2020,diabetes,inc,num,a,18+,104126,29028,226308
IND,2020,diabetes,inc,num,f,18+,37791,10468,82332
IND,2020,diabetes,inc,num,m,18+,67161,19140,144774
IND,2020,alcohol,inc,num,a,15+,254368,73088,546626
IND,2020,alcohol,inc,num,f,15+,10964,3301,23141
IND,2020,alcohol,inc,num,m,15+,267033,92375,532748
IND,2020,smoking,inc,num,a,15+,156332,27772,393735
IND,2020,smoking,inc,num,f,15+,7535,1571,18083
IND,2020,smoking,inc,num,m,15+,170999,41457,390599
IND,2020,undernutrition,inc,num,a,a,609346,417935,836275
IRL,2020,hiv,inc,num,a,a,9,4,16
IRL,2020,diabetes,inc,num,a,18+,7,2,14
IRL,2020,diabetes,inc,num,f,18+,2,0,4
IRL,2020,diabetes,inc,num,m,18+,5,1,10
IRL,2020,alcohol,inc,num,a,15+,41,17,77
IRL,2020,alcohol,inc,num,f,15+,8,3,14
IRL,2020,alcohol,inc,num,m,15+,35,17,59
IRL,2020,smoking,inc,num,a,15+,29,8,65
IRL,2020,smoking,inc,num,f,15+,10,3,20
IRL,2020,smoking,inc,num,m,15+,19,6,39
IRL,2020,undernutrition,inc,num,a,a,13,11,15
IRN,2020,hiv,inc,num,a,a,296,57,728
IRN,2020,diabetes,inc,num,a,18+,589,219,1140
IRN,2020,diabetes,inc,num,f,18+,275,101,533
IRN,2020,diabetes,inc,num,m,18+,306,107,606
IRN,2020,alcohol,inc,num,a,15+,235,71,497
IRN,2020,alcohol,inc,num,f,15+,10,3,21
IRN,2020,alcohol,inc,num,m,15+,228,80,453
IRN,2020,smoking,inc,num,a,15+,585,121,1408
IRN,2020,smoking,inc,num,f,15+,36,8,83
IRN,2020,smoking,inc,num,m,15+,569,158,1240
IRN,2020,undernutrition,inc,num,a,a,992,752,1264
IRQ,2020,hiv,inc,num,a,a,5,1,11
IRQ,2020,diabetes,inc,num,a,18+,836,266,1726
IRQ,2020,diabetes,inc,num,f,18+,375,148,705
IRQ,2020,diabetes,inc,num,m,18+,453,170,874
IRQ,2020,alcohol,inc,num,a,15+,97,22,224
IRQ,2020,alcohol,inc,num,f,15+,10,3,21
IRQ,2020,alcohol,inc,num,m,15+,92,32,182
IRQ,2020,smoking,inc,num,a,15+,984,115,2763
IRQ,2020,smoking,inc,num,f,15+,63,9,166
IRQ,2020,smoking,inc,num,m,15+,925,246,2047
IRQ,2020,undernutrition,inc,num,a,a,3678,3176,4215
ISL,2020,hiv,inc,num,a,a,0,0,0
ISL,2020,diabetes,inc,num,a,18+,0,0,0
ISL,2020,diabetes,inc,num,f,18+,0,0,0
ISL,2020,diabetes,inc,num,m,18+,0,0,0
ISL,2020,alcohol,inc,num,a,15+,0,0,1
ISL,2020,alcohol,inc,num,f,15+,0,0,0
ISL,2020,alcohol,inc,num,m,15+,0,0,0
ISL,2020,smoking,inc,num,a,15+,0,0,1
ISL,2020,smoking,inc,num,f,15+,0,0,0
ISL,2020,smoking,inc,num,m,15+,0,0,0
ISL,2020,undernutrition,inc,num,a,a,0,0,0
ISR,2020,hiv,inc,num,a,a,17,8,27
ISR,2020,diabetes,inc,num,a,18+,5,1,11
ISR,2020,diabetes,inc,num,f,18+,1,0,4
ISR,2020,diabetes,inc,num,m,18+,3,0,6
ISR,2020,alcohol,inc,num,a,15+,21,7,42
ISR,2020,alcohol,inc,num,f,15+,3,1,5
ISR,2020,alcohol,inc,num,m,15+,16,7,30
ISR,2020,smoking,inc,num,a,15+,21,4,52
ISR,2020,smoking,inc,num,f,15+,5,1,11
ISR,2020,smoking,inc,num,m,15+,14,4,31
ISR,2020,undernutrition,inc,num,a,a,9,8,11
ITA,2020,hiv,inc,num,a,a,123,62,203
ITA,2020,diabetes,inc,num,a,18+,112,42,214
ITA,2020,diabetes,inc,num,f,18+,52,18,104
ITA,2020,diabetes,inc,num,m,18+,51,18,102
ITA,2020,alcohol,inc,num,a,15+,117,46,220
ITA,2020,alcohol,inc,num,f,15+,52,22,96
ITA,2020,alcohol,inc,num,m,15+,57,24,105
ITA,2020,smoking,inc,num,a,15+,462,148,950
ITA,2020,smoking,inc,num,f,15+,230,81,455
ITA,2020,smoking,inc,num,m,15+,199,71,392
ITA,2020,undernutrition,inc,num,a,a,129,110,150
JAM,2020,hiv,inc,num,a,a,11,3,22
JAM,2020,diabetes,inc,num,a,18+,3,1,7
JAM,2020,diabetes,inc,num,f,18+,1,0,2
JAM,2020,diabetes,inc,num,m,18+,1,0,3
JAM,2020,alcohol,inc,num,a,15+,6,2,13
JAM,2020,alcohol,inc,num,f,15+,0,0,1
JAM,2020,alcohol,inc,num,m,15+,5,1,10
JAM,2020,smoking,inc,num,a,15+,3,0,9
JAM,2020,smoking,inc,num,f,15+,0,0,0
JAM,2020,smoking,inc,num,m,15+,3,0,7
JAM,2020,undernutrition,inc,num,a,a,11,8,14
JOR,2020,hiv,inc,num,a,a,0,0,0
JOR,2020,diabetes,inc,num,a,18+,34,10,70
JOR,2020,diabetes,inc,num,f,18+,21,7,41
JOR,2020,diabetes,inc,num,m,18+,13,4,25
JOR,2020,alcohol,inc,num,a,15+,4,0,9
JOR,2020,alcohol,inc,num,f,15+,0,0,1
JOR,2020,alcohol,inc,num,m,15+,2,0,5
JOR,2020,smoking,inc,num,a,15+,,,
JOR,2020,smoking,inc,num,f,15+,,,
JOR,2020,smoking,inc,num,m,15+,,,
JOR,2020,undernutrition,inc,num,a,a,75,57,96
JPN,2020,hiv,inc,num,a,a,74,22,156
JPN,2020,diabetes,inc,num,a,18+,495,210,901
JPN,2020,diabetes,inc,num,f,18+,152,62,282
JPN,2020,diabetes,inc,num,m,18+,344,145,627
JPN,2020,alcohol,inc,num,a,15+,1117,462,2056
JPN,2020,alcohol,inc,num,f,15+,197,84,357
JPN,2020,alcohol,inc,num,m,15+,995,452,1748
JPN,2020,smoking,inc,num,a,15+,1672,537,3440
JPN,2020,smoking,inc,num,f,15+,350,116,711
JPN,2020,smoking,inc,num,m,15+,1333,496,2577
JPN,2020,undernutrition,inc,num,a,a,763,649,887
KAZ,2020,hiv,inc,num,a,a,869,323,1680
KAZ,2020,diabetes,inc,num,a,18+,705,172,1605
KAZ,2020,diabetes,inc,num,f,18+,325,81,736
KAZ,2020,diabetes,inc,num,m,18+,382,89,886
KAZ,2020,alcohol,inc,num,a,15+,1543,403,3434
KAZ,2020,alcohol,inc,num,f,15+,295,82,641
KAZ,2020,alcohol,inc,num,m,15+,1257,383,2641
KAZ,2020,smoking,inc,num,a,15+,1523,256,3898
KAZ,2020,smoking,inc,num,f,15+,218,39,549
KAZ,2020,smoking,inc,num,m,15+,1244,289,2882
KAZ,2020,undernutrition,inc,num,a,a,677,435,972
KEN,2020,hiv,inc,num,a,a,32783,14421,58555
KEN,2020,diabetes,inc,num,a,18+,3568,461,9783
KEN,2020,diabetes,inc,num,f,18+,1247,214,3171
KEN,2020,diabetes,inc,num,m,18+,2274,322,6092
KEN,2020,alcohol,inc,num,a,15+,10388,1640,27041
KEN,2020,alcohol,inc,num,f,15+,853,182,2032
KEN,2020,alcohol,inc,num,m,15+,11358,2691,26146
KEN,2020,smoking,inc,num,a,15+,6686,506,20628
KEN,2020,smoking,inc,num,f,15+,235,17,730
KEN,2020,smoking,inc,num,m,15+,7976,1258,20768
KEN,2020,undernutrition,inc,num,a,a,46741,28815,68931
KGZ,2020,hiv,inc,num,a,a,216,148,296
KGZ,2020,diabetes,inc,num,a,18+,330,96,708
KGZ,2020,diabetes,inc,num,f,18+,147,47,302
KGZ,2020,diabetes,inc,num,m,18+,179,56,370
KGZ,2020,alcohol,inc,num,a,15+,803,251,1668
KGZ,2020,alcohol,inc,num,f,15+,134,51,257
KGZ,2020,alcohol,inc,num,m,15+,704,303,1271
KGZ,2020,smoking,inc,num,a,15+,866,166,2132
KGZ,2020,smoking,inc,num,f,15+,54,12,129
KGZ,2020,smoking,inc,num,m,15+,816,270,1659
KGZ,2020,undernutrition,inc,num,a,a,846,714,990
KHM,2020,hiv,inc,num,a,a,980,372,1877
KHM,2020,diabetes,inc,num,a,18+,1534,329,3645
KHM,2020,diabetes,inc,num,f,18+,613,133,1452
KHM,2020,diabetes,inc,num,m,18+,936,195,2247
KHM,2020,alcohol,inc,num,a,15+,4719,1151,10758
KHM,2020,alcohol,inc,num,f,15+,741,203,1620
KHM,2020,alcohol,inc,num,m,15+,4380,1314,9256
KHM,2020,smoking,inc,num,a,15+,3929,588,10374
KHM,2020,smoking,inc,num,f,15+,208,35,528
KHM,2020,smoking,inc,num,m,15+,4005,894,9405
KHM,2020,undernutrition,inc,num,a,a,11078,7126,15888
KIR,2020,hiv,inc,num,a,a,,,
KIR,2020,diabetes,inc,num,a,18+,39,11,86
KIR,2020,diabetes,inc,num,f,18+,19,6,39
KIR,2020,diabetes,inc,num,m,18+,20,5,43
KIR,2020,alcohol,inc,num,a,15+,42,10,97
KIR,2020,alcohol,inc,num,f,15+,7,2,16
KIR,2020,alcohol,inc,num,m,15+,35,11,71
KIR,2020,smoking,inc,num,a,15+,88,15,222
KIR,2020,smoking,inc,num,f,15+,31,7,71
KIR,2020,smoking,inc,num,m,15+,56,15,122
KIR,2020,undernutrition,inc,num,a,a,31,23,40
KNA,2020,hiv,inc,num,a,a,,,
KNA,2020,diabetes,inc,num,a,18+,0,0,0
KNA,2020,diabetes,inc,num,f,18+,0,,
KNA,2020,diabetes,inc,num,m,18+,0,0,0
KNA,2020,alcohol,inc,num,a,15+,0,0,0
KNA,2020,alcohol,inc,num,f,15+,0,,
KNA,2020,alcohol,inc,num,m,15+,0,0,0
KNA,2020,smoking,inc,num,a,15+,,,
KNA,2020,smoking,inc,num,f,15+,,,
KNA,2020,smoking,inc,num,m,15+,,,
KNA,2020,undernutrition,inc,num,a,a,,,
KOR,2020,hiv,inc,num,a,a,219,118,350
KOR,2020,diabetes,inc,num,a,18+,1036,441,1880
KOR,2020,diabetes,inc,num,f,18+,355,133,684
KOR,2020,diabetes,inc,num,m,18+,701,281,1309
KOR,2020,alcohol,inc,num,a,15+,6478,3161,10966
KOR,2020,alcohol,inc,num,f,15+,1485,693,2574
KOR,2020,alcohol,inc,num,m,15+,5119,2793,8137
KOR,2020,smoking,inc,num,a,15+,2958,939,6116
KOR,2020,smoking,inc,num,f,15+,356,111,741
KOR,2020,smoking,inc,num,m,15+,2762,1051,5285
KOR,2020,undernutrition,inc,num,a,a,1311,1205,1420
KWT,2020,hiv,inc,num,a,a,3,0,6
KWT,2020,diabetes,inc,num,a,18+,69,29,124
KWT,2020,diabetes,inc,num,f,18+,25,11,45
KWT,2020,diabetes,inc,num,m,18+,43,19,76
KWT,2020,alcohol,inc,num,a,15+,7,2,14
KWT,2020,alcohol,inc,num,f,15+,0,0,1
KWT,2020,alcohol,inc,num,m,15+,6,2,12
KWT,2020,smoking,inc,num,a,15+,75,18,173
KWT,2020,smoking,inc,num,f,15+,3,0,7
KWT,2020,smoking,inc,num,m,15+,81,28,162
KWT,2020,undernutrition,inc,num,a,a,41,35,48
LAO,2020,hiv,inc,num,a,a,605,267,1079
LAO,2020,diabetes,inc,num,a,18+,401,94,925
LAO,2020,diabetes,inc,num,f,18+,141,34,321
LAO,2020,diabetes,inc,num,m,18+,257,60,594
LAO,2020,alcohol,inc,num,a,15+,1160,275,2669
LAO,2020,alcohol,inc,num,f,15+,155,42,339
LAO,2020,alcohol,inc,num,m,15+,1158,354,2431
LAO,2020,smoking,inc,num,a,15+,1434,222,3752
LAO,2020,smoking,inc,num,f,15+,135,24,338
LAO,2020,smoking,inc,num,m,15+,1462,356,3332
LAO,2020,undernutrition,inc,num,a,a,,,
LBN,2020,hiv,inc,num,a,a,2,0,9
LBN,2020,diabetes,inc,num,a,18+,50,19,96
LBN,2020,diabetes,inc,num,f,18+,27,10,52
LBN,2020,diabetes,inc,num,m,18+,20,7,38
LBN,2020,alcohol,inc,num,a,15+,134,51,256
LBN,2020,alcohol,inc,num,f,15+,17,6,32
LBN,2020,alcohol,inc,num,m,15+,80,39,136
LBN,2020,smoking,inc,num,a,15+,128,32,287
LBN,2020,smoking,inc,num,f,15+,64,20,133
LBN,2020,smoking,inc,num,m,15+,55,18,111
LBN,2020,undernutrition,inc,num,a,a,96,82,112
LBR,2020,hiv,inc,num,a,a,1728,741,3124
LBR,2020,diabetes,inc,num,a,18+,575,96,1474
LBR,2020,diabetes,inc,num,f,18+,226,44,553
LBR,2020,diabetes,inc,num,m,18+,349,66,861
LBR,2020,alcohol,inc,num,a,15+,1666,297,4193
LBR,2020,alcohol,inc,num,f,15+,182,42,419
LBR,2020,alcohol,inc,num,m,15+,1626,438,3580
LBR,2020,smoking,inc,num,a,15+,618,47,1903
LBR,2020,smoking,inc,num,f,15+,35,2,107
LBR,2020,smoking,inc,num,m,15+,665,109,1714
LBR,2020,undernutrition,inc,num,a,a,7188,4628,10303
LBY,2020,hiv,inc,num,a,a,23,5,55
LBY,2020,diabetes,inc,num,a,18+,295,82,641
LBY,2020,diabetes,inc,num,f,18+,121,33,264
LBY,2020,diabetes,inc,num,m,18+,169,44,374
LBY,2020,alcohol,inc,num,a,15+,28,6,66
LBY,2020,alcohol,inc,num,f,15+,3,0,8
LBY,2020,alcohol,inc,num,m,15+,27,7,62
LBY,2020,smoking,inc,num,a,15+,,,
LBY,2020,smoking,inc,num,f,15+,,,
LBY,2020,smoking,inc,num,m,15+,,,
LBY,2020,undernutrition,inc,num,a,a,,,
LCA,2020,hiv,inc,num,a,a,,,
LCA,2020,diabetes,inc,num,a,18+,0,0,0
LCA,2020,diabetes,inc,num,f,18+,0,0,0
LCA,2020,diabetes,inc,num,m,18+,0,0,0
LCA,2020,alcohol,inc,num,a,15+,0,0,0
LCA,2020,alcohol,inc,num,f,15+,0,0,0
LCA,2020,alcohol,inc,num,m,15+,0,0,0
LCA,2020,smoking,inc,num,a,15+,,,
LCA,2020,smoking,inc,num,f,15+,,,
LCA,2020,smoking,inc,num,m,15+,,,
LCA,2020,undernutrition,inc,num,a,a,,,
LKA,2020,hiv,inc,num,a,a,67,31,116
LKA,2020,diabetes,inc,num,a,18+,480,139,1029
LKA,2020,diabetes,inc,num,f,18+,156,47,328
LKA,2020,diabetes,inc,num,m,18+,310,83,685
LKA,2020,alcohol,inc,num,a,15+,904,284,1876
LKA,2020,alcohol,inc,num,f,15+,67,23,134
LKA,2020,alcohol,inc,num,m,15+,1103,417,2118
LKA,2020,smoking,inc,num,a,15+,972,186,2396
LKA,2020,smoking,inc,num,f,15+,7,1,18
LKA,2020,smoking,inc,num,m,15+,1219,334,2666
LKA,2020,undernutrition,inc,num,a,a,1975,1444,2588
LSO,2020,hiv,inc,num,a,a,7260,3876,11688
LSO,2020,diabetes,inc,num,a,18+,572,112,1400
LSO,2020,diabetes,inc,num,f,18+,196,43,465
LSO,2020,diabetes,inc,num,m,18+,330,59,828
LSO,2020,alcohol,inc,num,a,15+,1459,325,3427
LSO,2020,alcohol,inc,num,f,15+,123,31,276
LSO,2020,alcohol,inc,num,m,15+,1654,480,3542
LSO,2020,smoking,inc,num,a,15+,1944,268,5243
LSO,2020,smoking,inc,num,f,15+,7,0,22
LSO,2020,smoking,inc,num,m,15+,2308,536,5349
LSO,2020,undernutrition,inc,num,a,a,5816,3594,8563
LTU,2020,hiv,inc,num,a,a,22,11,36
LTU,2020,diabetes,inc,num,a,18+,29,10,58
LTU,2020,diabetes,inc,num,f,18+,6,1,12
LTU,2020,diabetes,inc,num,m,18+,24,7,50
LTU,2020,alcohol,inc,num,a,15+,155,70,273
LTU,2020,alcohol,inc,num,f,15+,14,6,25
LTU,2020,alcohol,inc,num,m,15+,180,96,290
LTU,2020,smoking,inc,num,a,15+,101,31,212
LTU,2020,smoking,inc,num,f,15+,17,6,35
LTU,2020,smoking,inc,num,m,15+,95,35,185
LTU,2020,undernutrition,inc,num,a,a,41,35,47
LUX,2020,hiv,inc,num,a,a,0,0,0
LUX,2020,diabetes,inc,num,a,18+,0,0,1
LUX,2020,diabetes,inc,num,f,18+,0,0,0
LUX,2020,diabetes,inc,num,m,18+,1,0,2
LUX,2020,alcohol,inc,num,a,15+,4,2,8
LUX,2020,alcohol,inc,num,f,15+,0,0,0
LUX,2020,alcohol,inc,num,m,15+,6,3,10
LUX,2020,smoking,inc,num,a,15+,3,1,8
LUX,2020,smoking,inc,num,f,15+,0,0,0
LUX,2020,smoking,inc,num,m,15+,3,1,7
LUX,2020,undernutrition,inc,num,a,a,1,1,2
LVA,2020,hiv,inc,num,a,a,33,9,73
LVA,2020,diabetes,inc,num,a,18+,14,5,29
LVA,2020,diabetes,inc,num,f,18+,4,1,8
LVA,2020,diabetes,inc,num,m,18+,11,3,23
LVA,2020,alcohol,inc,num,a,15+,110,52,188
LVA,2020,alcohol,inc,num,f,15+,12,5,21
LVA,2020,alcohol,inc,num,m,15+,116,65,180
LVA,2020,smoking,inc,num,a,15+,71,23,146
LVA,2020,smoking,inc,num,f,15+,14,5,29
LVA,2020,smoking,inc,num,m,15+,63,24,121
LVA,2020,undernutrition,inc,num,a,a,22,19,26
MAC,2020,hiv,inc,num,a,a,,,
MAC,2020,diabetes,inc,num,a,18+,,,
MAC,2020,alcohol,inc,num,a,15+,,,
MAC,2020,smoking,inc,num,a,15+,,,
MAC,2020,undernutrition,inc,num,a,a,65,55,76
MAR,2020,hiv,inc,num,a,a,389,123,803
MAR,2020,diabetes,inc,num,a,18+,2252,819,4397
MAR,2020,diabetes,inc,num,f,18+,880,345,1660
MAR,2020,diabetes,inc,num,m,18+,1376,526,2627
MAR,2020,alcohol,inc,num,a,15+,326,99,684
MAR,2020,alcohol,inc,num,f,15+,32,12,62
MAR,2020,alcohol,inc,num,m,15+,387,149,736
MAR,2020,smoking,inc,num,a,15+,2544,528,6112
MAR,2020,smoking,inc,num,f,15+,71,11,188
MAR,2020,smoking,inc,num,m,15+,2747,866,5696
MAR,2020,undernutrition,inc,num,a,a,3115,2626,3644
MDA,2020,hiv,inc,num,a,a,381,258,527
MDA,2020,diabetes,inc,num,a,18+,113,39,227
MDA,2020,diabetes,inc,num,f,18+,33,11,67
MDA,2020,diabetes,inc,num,m,18+,77,24,160
MDA,2020,alcohol,inc,num,a,15+,355,148,652
MDA,2020,alcohol,inc,num,f,15+,40,17,73
MDA,2020,alcohol,inc,num,m,15+,396,191,674
MDA,2020,smoking,inc,num,a,15+,362,107,767
MDA,2020,smoking,inc,num,f,15+,27,8,58
MDA,2020,smoking,inc,num,m,15+,409,154,786
MDA,2020,undernutrition,inc,num,a,a,,,
MDG,2020,hiv,inc,num,a,a,1032,374,2020
MDG,2020,diabetes,inc,num,a,18+,1721,242,4621
MDG,2020,diabetes,inc,num,f,18+,611,100,1574
MDG,2020,diabetes,inc,num,m,18+,1163,202,2949
MDG,2020,alcohol,inc,num,a,15+,3664,605,9420
MDG,2020,alcohol,inc,num,f,15+,301,69,700
MDG,2020,alcohol,inc,num,m,15+,3740,926,8483
MDG,2020,smoking,inc,num,a,15+,6645,516,20397
MDG,2020,smoking,inc,num,f,15+,250,14,812
MDG,2020,smoking,inc,num,m,15+,6812,1204,17182
MDG,2020,undernutrition,inc,num,a,a,31493,20279,45135
MDV,2020,hiv,inc,num,a,a,0,0,0
MDV,2020,diabetes,inc,num,a,18+,9,3,20
MDV,2020,diabetes,inc,num,f,18+,3,0,6
MDV,2020,diabetes,inc,num,m,18+,6,2,14
MDV,2020,alcohol,inc,num,a,15+,9,3,19
MDV,2020,alcohol,inc,num,f,15+,1,0,2
MDV,2020,alcohol,inc,num,m,15+,10,4,20
MDV,2020,smoking,inc,num,a,15+,,,
MDV,2020,smoking,inc,num,f,15+,,,
MDV,2020,smoking,inc,num,m,15+,,,
MDV,2020,undernutrition,inc,num,a,a,,,
MEX,2020,hiv,inc,num,a,a,3884,2366,5772
MEX,2020,diabetes,inc,num,a,18+,1595,513,3279
MEX,2020,diabetes,inc,num,f,18+,623,204,1270
MEX,2020,diabetes,inc,num,m,18+,944,284,1994
MEX,2020,alcohol,inc,num,a,15+,1529,466,3213
MEX,2020,alcohol,inc,num,f,15+,106,37,210
MEX,2020,alcohol,inc,num,m,15+,1661,619,3209
MEX,2020,smoking,inc,num,a,15+,2192,461,5245
MEX,2020,smoking,inc,num,f,15+,409,108,908
MEX,2020,smoking,inc,num,m,15+,1951,558,4198
MEX,2020,undernutrition,inc,num,a,a,4166,3161,5308
MHL,2020,hiv,inc,num,a,a,,,
MHL,2020,diabetes,inc,num,a,18+,17,5,36
MHL,2020,diabetes,inc,num,f,18+,9,2,19
MHL,2020,diabetes,inc,num,m,18+,7,2,16
MHL,2020,alcohol,inc,num,a,15+,,,
MHL,2020,alcohol,inc,num,f,15+,,,
MHL,2020,alcohol,inc,num,m,15+,,,
MHL,2020,smoking,inc,num,a,15+,,,
MHL,2020,smoking,inc,num,f,15+,,,
MHL,2020,smoking,inc,num,m,15+,,,
MHL,2020,undernutrition,inc,num,a,a,,,
MKD,2020,hiv,inc,num,a,a,1,0,2
MKD,2020,diabetes,inc,num,a,18+,7,2,15
MKD,2020,diabetes,inc,num,f,18+,2,0,4
MKD,2020,diabetes,inc,num,m,18+,5,1,11
MKD,2020,alcohol,inc,num,a,15+,27,10,52
MKD,2020,alcohol,inc,num,f,15+,3,1,6
MKD,2020,alcohol,inc,num,m,15+,27,11,49
MKD,2020,smoking,inc,num,a,15+,,,
MKD,2020,smoking,inc,num,f,15+,,,
MKD,2020,smoking,inc,num,m,15+,,,
MKD,2020,undernutrition,inc,num,a,a,15,11,20
MLI,2020,hiv,inc,num,a,a,968,424,1733
MLI,2020,diabetes,inc,num,a,18+,363,35,1062
MLI,2020,diabetes,inc,num,f,18+,119,17,319
MLI,2020,diabetes,inc,num,m,18+,259,39,683
MLI,2020,alcohol,inc,num,a,15+,189,20,540
MLI,2020,alcohol,inc,num,f,15+,0,0,0
MLI,2020,alcohol,inc,num,m,15+,217,44,524
MLI,2020,smoking,inc,num,a,15+,654,24,2277
MLI,2020,smoking,inc,num,f,15+,37,1,122
MLI,2020,smoking,inc,num,m,15+,717,97,1943
MLI,2020,undernutrition,inc,num,a,a,1065,694,1515
MLT,2020,hiv,inc,num,a,a,2,0,7
MLT,2020,diabetes,inc,num,a,18+,5,2,10
MLT,2020,diabetes,inc,num,f,18+,0,0,1
MLT,2020,diabetes,inc,num,m,18+,5,1,10
MLT,2020,alcohol,inc,num,a,15+,11,4,21
MLT,2020,alcohol,inc,num,f,15+,0,0,1
MLT,2020,alcohol,inc,num,m,15+,14,6,24
MLT,2020,smoking,inc,num,a,15+,18,5,39
MLT,2020,smoking,inc,num,f,15+,3,1,6
MLT,2020,smoking,inc,num,m,15+,16,5,32
MLT,2020,undernutrition,inc,num,a,a,8,7,9
MMR,2020,hiv,inc,num,a,a,13891,6638,23777
MMR,2020,diabetes,inc,num,a,18+,6507,1769,14274
MMR,2020,diabetes,inc,num,f,18+,2437,697,5244
MMR,2020,diabetes,inc,num,m,18+,3933,1027,8751
MMR,2020,alcohol,inc,num,a,15+,7726,2133,16850
MMR,2020,alcohol,inc,num,f,15+,887,279,1839
MMR,2020,alcohol,inc,num,m,15+,8164,2656,16707
MMR,2020,smoking,inc,num,a,15+,18729,3591,46123
MMR,2020,smoking,inc,num,f,15+,1568,285,3920
MMR,2020,smoking,inc,num,m,15+,19811,5300,43714
MMR,2020,undernutrition,inc,num,a,a,39634,26434,55465
MNE,2020,hiv,inc,num,a,a,0,0,0
MNE,2020,diabetes,inc,num,a,18+,3,1,6
MNE,2020,diabetes,inc,num,f,18+,0,0,1
MNE,2020,diabetes,inc,num,m,18+,2,0,5
MNE,2020,alcohol,inc,num,a,15+,11,4,21
MNE,2020,alcohol,inc,num,f,15+,1,0,2
MNE,2020,alcohol,inc,num,m,15+,12,6,22
MNE,2020,smoking,inc,num,a,15+,,,
MNE,2020,smoking,inc,num,f,15+,,,
MNE,2020,smoking,inc,num,m,15+,,,
MNE,2020,undernutrition,inc,num,a,a,5,4,6
MNG,2020,hiv,inc,num,a,a,15,0,51
MNG,2020,diabetes,inc,num,a,18+,771,141,1925
MNG,2020,diabetes,inc,num,f,18+,225,40,566
MNG,2020,diabetes,inc,num,m,18+,556,93,1424
MNG,2020,alcohol,inc,num,a,15+,2127,397,5277
MNG,2020,alcohol,inc,num,f,15+,234,45,573
MNG,2020,alcohol,inc,num,m,15+,2260,509,5291
MNG,2020,smoking,inc,num,a,15+,1726,192,4902
MNG,2020,smoking,inc,num,f,15+,120,14,335
MNG,2020,smoking,inc,num,m,15+,1938,317,4994
MNG,2020,undernutrition,inc,num,a,a,4567,2341,7524
MOZ,2020,hiv,inc,num,a,a,26380,10320,49844
MOZ,2020,diabetes,inc,num,a,18+,3487,425,9696
MOZ,2020,diabetes,inc,num,f,18+,1482,219,3926
MOZ,2020,diabetes,inc,num,m,18+,2008,268,5461
MOZ,2020,alcohol,inc,num,a,15+,7772,997,21350
MOZ,2020,alcohol,inc,num,f,15+,793,155,1940
MOZ,2020,alcohol,inc,num,m,15+,7547,1572,18119
MOZ,2020,smoking,inc,num,a,15+,9063,425,30483
MOZ,2020,smoking,inc,num,f,15+,1204,99,3649
MOZ,2020,smoking,inc,num,m,15+,8145,1028,22461
MOZ,2020,undernutrition,inc,num,a,a,48059,29523,71037
MRT,2020,hiv,inc,num,a,a,136,29,321
MRT,2020,diabetes,inc,num,a,18+,169,25,445
MRT,2020,diabetes,inc,num,f,18+,67,12,169
MRT,2020,diabetes,inc,num,m,18+,98,17,248
MRT,2020,alcohol,inc,num,a,15+,36,5,95
MRT,2020,alcohol,inc,num,f,15+,3,0,8
MRT,2020,alcohol,inc,num,m,15+,38,8,90
MRT,2020,smoking,inc,num,a,15+,,,
MRT,2020,smoking,inc,num,f,15+,,,
MRT,2020,smoking,inc,num,m,15+,,,
MRT,2020,undernutrition,inc,num,a,a,837,538,1201
MUS,2020,hiv,inc,num,a,a,26,13,45
MUS,2020,diabetes,inc,num,a,18+,9,3,17
MUS,2020,diabetes,inc,num,f,18+,2,1,5
MUS,2020,diabetes,inc,num,m,18+,6,2,12
MUS,2020,alcohol,inc,num,a,15+,16,6,32
MUS,2020,alcohol,inc,num,f,15+,1,0,2
MUS,2020,alcohol,inc,num,m,15+,18,8,34
MUS,2020,smoking,inc,num,a,15+,16,4,36
MUS,2020,smoking,inc,num,f,15+,0,0,2
MUS,2020,smoking,inc,num,m,15+,18,6,37
MUS,2020,undernutrition,inc,num,a,a,,,
MWI,2020,hiv,inc,num,a,a,11308,4669,20832
MWI,2020,diabetes,inc,num,a,18+,806,78,2360
MWI,2020,diabetes,inc,num,f,18+,327,40,906
MWI,2020,diabetes,inc,num,m,18+,482,50,1387
MWI,2020,alcohol,inc,num,a,15+,1981,204,5727
MWI,2020,alcohol,inc,num,f,15+,180,27,475
MWI,2020,alcohol,inc,num,m,15+,1918,315,4940
MWI,2020,smoking,inc,num,a,15+,1546,74,5182
MWI,2020,smoking,inc,num,f,15+,232,17,714
MWI,2020,smoking,inc,num,m,15+,1404,153,4005
MWI,2020,undernutrition,inc,num,a,a,7903,4216,12729
MYS,2020,hiv,inc,num,a,a,1610,1162,2130
MYS,2020,diabetes,inc,num,a,18+,1533,570,2964
MYS,2020,diabetes,inc,num,f,18+,567,214,1088
MYS,2020,diabetes,inc,num,m,18+,968,361,1868
MYS,2020,alcohol,inc,num,a,15+,1901,663,3779
MYS,2020,alcohol,inc,num,f,15+,255,101,479
MYS,2020,alcohol,inc,num,m,15+,1865,797,3380
MYS,2020,smoking,inc,num,a,15+,3177,763,7282
MYS,2020,smoking,inc,num,f,15+,63,10,163
MYS,2020,smoking,inc,num,m,15+,3431,1204,6803
MYS,2020,undernutrition,inc,num,a,a,1850,1560,2166
NAM,2020,hiv,inc,num,a,a,2907,1577,4635
NAM,2020,diabetes,inc,num,a,18+,407,78,1001
NAM,2020,diabetes,inc,num,f,18+,152,33,361
NAM,2020,diabetes,inc,num,m,18+,252,52,605
NAM,2020,alcohol,inc,num,a,15+,1448,348,3317
NAM,2020,alcohol,inc,num,f,15+,197,59,417
NAM,2020,alcohol,inc,num,m,15+,1432,490,2868
NAM,2020,smoking,inc,num,a,15+,1206,142,3379
NAM,2020,smoking,inc,num,f,15+,186,34,464
NAM,2020,smoking,inc,num,m,15+,1142,258,2671
NAM,2020,undernutrition,inc,num,a,a,2856,2030,3821
NCL,2020,hiv,inc,num,a,a,,,
NCL,2020,diabetes,inc,num,a,18+,,,
NCL,2020,alcohol,inc,num,a,15+,,,
NCL,2020,smoking,inc,num,a,15+,,,
NCL,2020,undernutrition,inc,num,a,a,4,3,5
NER,2020,hiv,inc,num,a,a,739,317,1336
NER,2020,diabetes,inc,num,a,18+,535,36,1683
NER,2020,diabetes,inc,num,f,18+,183,20,523
NER,2020,diabetes,inc,num,m,18+,356,33,1055
NER,2020,alcohol,inc,num,a,15+,316,27,946
NER,2020,alcohol,inc,num,f,15+,0,0,0
NER,2020,alcohol,inc,num,m,15+,394,72,985
NER,2020,smoking,inc,num,a,15+,772,25,2745
NER,2020,smoking,inc,num,f,15+,4,0,15
NER,2020,smoking,inc,num,m,15+,931,112,2596
NER,2020,undernutrition,inc,num,a,a,,,
NGA,2020,hiv,inc,num,a,a,32171,12365,61282
NGA,2020,diabetes,inc,num,a,18+,13528,1586,37974
NGA,2020,diabetes,inc,num,f,18+,4745,811,12082
NGA,2020,diabetes,inc,num,m,18+,8735,1480,22297
NGA,2020,alcohol,inc,num,a,15+,6216,815,16982
NGA,2020,alcohol,inc,num,f,15+,380,83,899
NGA,2020,alcohol,inc,num,m,15+,7161,1578,16885
NGA,2020,smoking,inc,num,a,15+,10267,613,33117
NGA,2020,smoking,inc,num,f,15+,279,13,933
NGA,2020,smoking,inc,num,m,15+,12286,1805,32606
NGA,2020,undernutrition,inc,num,a,a,97991,63810,139387
NIC,2020,hiv,inc,num,a,a,159,79,265
NIC,2020,diabetes,inc,num,a,18+,131,36,284
NIC,2020,diabetes,inc,num,f,18+,56,16,119
NIC,2020,diabetes,inc,num,m,18+,72,19,159
NIC,2020,alcohol,inc,num,a,15+,360,113,749
NIC,2020,alcohol,inc,num,f,15+,85,31,167
NIC,2020,alcohol,inc,num,m,15+,299,118,562
NIC,2020,smoking,inc,num,a,15+,,,
NIC,2020,smoking,inc,num,f,15+,,,
NIC,2020,smoking,inc,num,m,15+,,,
NIC,2020,undernutrition,inc,num,a,a,768,583,977
NIU,2020,hiv,inc,num,a,a,,,
NIU,2020,diabetes,inc,num,a,18+,0,0,0
NIU,2020,diabetes,inc,num,f,18+,0,,
NIU,2020,diabetes,inc,num,m,18+,0,0,0
NIU,2020,alcohol,inc,num,a,15+,0,0,0
NIU,2020,alcohol,inc,num,f,15+,0,,
NIU,2020,alcohol,inc,num,m,15+,0,0,0
NIU,2020,smoking,inc,num,a,15+,,,
NIU,2020,smoking,inc,num,f,15+,,,
NIU,2020,smoking,inc,num,m,15+,,,
NIU,2020,undernutrition,inc,num,a,a,,,
NLD,2020,hiv,inc,num,a,a,21,11,35
NLD,2020,diabetes,inc,num,a,18+,14,5,28
NLD,2020,diabetes,inc,num,f,18+,4,1,10
NLD,2020,diabetes,inc,num,m,18+,9,2,18
NLD,2020,alcohol,inc,num,a,15+,23,8,44
NLD,2020,alcohol,inc,num,f,15+,5,2,10
NLD,2020,alcohol,inc,num,m,15+,15,6,29
NLD,2020,smoking,inc,num,a,15+,79,24,166
NLD,2020,smoking,inc,num,f,15+,30,10,61
NLD,2020,smoking,inc,num,m,15+,44,15,88
NLD,2020,undernutrition,inc,num,a,a,36,31,42
NOR,2020,hiv,inc,num,a,a,3,1,6
NOR,2020,diabetes,inc,num,a,18+,3,1,7
NOR,2020,diabetes,inc,num,f,18+,1,0,3
NOR,2020,diabetes,inc,num,m,18+,1,0,2
NOR,2020,alcohol,inc,num,a,15+,21,9,39
NOR,2020,alcohol,inc,num,f,15+,7,3,12
NOR,2020,alcohol,inc,num,m,15+,8,3,15
NOR,2020,smoking,inc,num,a,15+,14,4,30
NOR,2020,smoking,inc,num,f,15+,7,2,15
NOR,2020,smoking,inc,num,m,15+,4,1,9
NOR,2020,undernutrition,inc,num,a,a,8,7,10
NPL,2020,hiv,inc,num,a,a,1351,268,3292
NPL,2020,diabetes,inc,num,a,18+,3369,817,7695
NPL,2020,diabetes,inc,num,f,18+,1012,242,2323
NPL,2020,diabetes,inc,num,m,18+,2459,569,5703
NPL,2020,alcohol,inc,num,a,15+,2695,574,6424
NPL,2020,alcohol,inc,num,f,15+,309,78,694
NPL,2020,alcohol,inc,num,m,15+,2995,751,6761
NPL,2020,smoking,inc,num,a,15+,6914,1050,18189
NPL,2020,smoking,inc,num,f,15+,983,184,2437
NPL,2020,smoking,inc,num,m,15+,6917,1435,16627
NPL,2020,undernutrition,inc,num,a,a,8115,4798,12289
NRU,2020,hiv,inc,num,a,a,,,
NRU,2020,diabetes,inc,num,a,18+,2,0,4
NRU,2020,diabetes,inc,num,f,18+,1,0,3
NRU,2020,diabetes,inc,num,m,18+,0,0,1
NRU,2020,alcohol,inc,num,a,15+,2,0,4
NRU,2020,alcohol,inc,num,f,15+,0,0,1
NRU,2020,alcohol,inc,num,m,15+,1,0,1
NRU,2020,smoking,inc,num,a,15+,3,0,9
NRU,2020,smoking,inc,num,f,15+,2,0,5
NRU,2020,smoking,inc,num,m,15+,1,0,2
NRU,2020,undernutrition,inc,num,a,a,,,
NZL,2020,hiv,inc,num,a,a,2,0,7
NZL,2020,diabetes,inc,num,a,18+,11,4,22
NZL,2020,diabetes,inc,num,f,18+,4,1,9
NZL,2020,diabetes,inc,num,m,18+,6,2,12
NZL,2020,alcohol,inc,num,a,15+,30,11,57
NZL,2020,alcohol,inc,num,f,15+,9,3,17
NZL,2020,alcohol,inc,num,m,15+,19,8,34
NZL,2020,smoking,inc,num,a,15+,27,7,60
NZL,2020,smoking,inc,num,f,15+,12,3,24
NZL,2020,smoking,inc,num,m,15+,14,4,28
NZL,2020,undernutrition,inc,num,a,a,18,16,22
OMN,2020,hiv,inc,num,a,a,9,3,18
OMN,2020,diabetes,inc,num,a,18+,22,8,41
OMN,2020,diabetes,inc,num,f,18+,6,2,11
OMN,2020,diabetes,inc,num,m,18+,14,5,27
OMN,2020,alcohol,inc,num,a,15+,3,1,6
OMN,2020,alcohol,inc,num,f,15+,0,0,0
OMN,2020,alcohol,inc,num,m,15+,3,1,5
OMN,2020,smoking,inc,num,a,15+,14,3,35
OMN,2020,smoking,inc,num,f,15+,0,0,0
OMN,2020,smoking,inc,num,m,15+,17,5,36
OMN,2020,undernutrition,inc,num,a,a,52,44,61
PAK,2020,hiv,inc,num,a,a,13563,6883,22471
PAK,2020,diabetes,inc,num,a,18+,30481,7422,69521
PAK,2020,diabetes,inc,num,f,18+,12334,3316,27166
PAK,2020,diabetes,inc,num,m,18+,18064,4730,40166
PAK,2020,alcohol,inc,num,a,15+,4841,974,11748
PAK,2020,alcohol,inc,num,f,15+,505,135,1115
PAK,2020,alcohol,inc,num,m,15+,4225,1136,9303
PAK,2020,smoking,inc,num,a,15+,53435,6899,146555
PAK,2020,smoking,inc,num,f,15+,3643,484,9921
PAK,2020,smoking,inc,num,m,15+,52514,11816,122986
PAK,2020,undernutrition,inc,num,a,a,121973,86840,162981
PAN,2020,hiv,inc,num,a,a,346,222,498
PAN,2020,diabetes,inc,num,a,18+,60,19,125
PAN,2020,diabetes,inc,num,f,18+,20,6,43
PAN,2020,diabetes,inc,num,m,18+,38,11,82
PAN,2020,alcohol,inc,num,a,15+,185,61,374
PAN,2020,alcohol,inc,num,f,15+,35,13,68
PAN,2020,alcohol,inc,num,m,15+,168,68,311
PAN,2020,smoking,inc,num,a,15+,42,6,113
PAN,2020,smoking,inc,num,f,15+,5,1,12
PAN,2020,smoking,inc,num,m,15+,45,10,105
PAN,2020,undernutrition,inc,num,a,a,,,
PER,2020,hiv,inc,num,a,a,2353,1337,3651
PER,2020,diabetes,inc,num,a,18+,1243,342,2713
PER,2020,diabetes,inc,num,f,18+,493,126,1104
PER,2020,diabetes,inc,num,m,18+,721,180,1632
PER,2020,alcohol,inc,num,a,15+,5692,1970,11354
PER,2020,alcohol,inc,num,f,15+,1029,366,2028
PER,2020,alcohol,inc,num,m,15+,5034,2049,9337
PER,2020,smoking,inc,num,a,15+,1730,331,4265
PER,2020,smoking,inc,num,f,15+,255,58,596
PER,2020,smoking,inc,num,m,15+,1682,423,3792
PER,2020,undernutrition,inc,num,a,a,4904,3663,6324
PHL,2020,hiv,inc,num,a,a,12553,3299,27876
PHL,2020,diabetes,inc,num,a,18+,21584,4269,52652
PHL,2020,diabetes,inc,num,f,18+,6522,1455,15318
PHL,2020,diabetes,inc,num,m,18+,14917,2952,36381
PHL,2020,alcohol,inc,num,a,15+,67767,14426,161573
PHL,2020,alcohol,inc,num,f,15+,7455,1802,17045
PHL,2020,alcohol,inc,num,m,15+,73226,19600,161540
PHL,2020,smoking,inc,num,a,15+,74342,10479,199430
PHL,2020,smoking,inc,num,f,15+,7088,1215,18035
PHL,2020,smoking,inc,num,m,15+,81400,17049,195078
PHL,2020,undernutrition,inc,num,a,a,142927,80903,222310
PLW,2020,hiv,inc,num,a,a,,,
PLW,2020,diabetes,inc,num,a,18+,1,0,2
PLW,2020,diabetes,inc,num,f,18+,0,0,0
PLW,2020,diabetes,inc,num,m,18+,1,0,2
PLW,2020,alcohol,inc,num,a,15+,1,0,2
PLW,2020,alcohol,inc,num,f,15+,0,0,0
PLW,2020,alcohol,inc,num,m,15+,1,0,3
PLW,2020,smoking,inc,num,a,15+,1,0,2
PLW,2020,smoking,inc,num,f,15+,0,0,0
PLW,2020,smoking,inc,num,m,15+,1,0,2
PLW,2020,undernutrition,inc,num,a,a,,,
PNG,2020,hiv,inc,num,a,a,2556,1379,4090
PNG,2020,diabetes,inc,num,a,18+,1935,483,4376
PNG,2020,diabetes,inc,num,f,18+,896,241,1973
PNG,2020,diabetes,inc,num,m,18+,1041,275,2307
PNG,2020,alcohol,inc,num,a,15+,3075,813,6816
PNG,2020,alcohol,inc,num,f,15+,543,177,1110
PNG,2020,alcohol,inc,num,m,15+,2464,907,4784
PNG,2020,smoking,inc,num,a,15+,,,
PNG,2020,smoking,inc,num,f,15+,,,
PNG,2020,smoking,inc,num,m,15+,,,
PNG,2020,undernutrition,inc,num,a,a,,,
POL,2020,hiv,inc,num,a,a,40,20,68
POL,2020,diabetes,inc,num,a,18+,133,54,247
POL,2020,diabetes,inc,num,f,18+,33,11,66
POL,2020,diabetes,inc,num,m,18+,104,38,204
POL,2020,alcohol,inc,num,a,15+,815,381,1411
POL,2020,alcohol,inc,num,f,15+,78,34,140
POL,2020,alcohol,inc,num,m,15+,881,485,1394
POL,2020,smoking,inc,num,a,15+,457,141,956
POL,2020,smoking,inc,num,f,15+,107,37,215
POL,2020,smoking,inc,num,m,15+,376,134,739
POL,2020,undernutrition,inc,num,a,a,188,160,219
PRK,2020,hiv,inc,num,a,a,1335,473,2638
PRK,2020,diabetes,inc,num,a,18+,3465,1040,7324
PRK,2020,diabetes,inc,num,f,18+,1252,316,2818
PRK,2020,diabetes,inc,num,m,18+,2169,542,4902
PRK,2020,alcohol,inc,num,a,15+,9084,3408,17492
PRK,2020,alcohol,inc,num,f,15+,998,408,1848
PRK,2020,alcohol,inc,num,m,15+,9654,4292,17153
PRK,2020,smoking,inc,num,a,15+,11554,2964,25877
PRK,2020,smoking,inc,num,f,15+,0,0,0
PRK,2020,smoking,inc,num,m,15+,13256,4596,26419
PRK,2020,undernutrition,inc,num,a,a,68965,59319,79326
PRT,2020,hiv,inc,num,a,a,153,107,207
PRT,2020,diabetes,inc,num,a,18+,52,20,99
PRT,2020,diabetes,inc,num,f,18+,14,4,30
PRT,2020,diabetes,inc,num,m,18+,39,14,78
PRT,2020,alcohol,inc,num,a,15+,215,94,386
PRT,2020,alcohol,inc,num,f,15+,38,17,69
PRT,2020,alcohol,inc,num,m,15+,199,97,336
PRT,2020,smoking,inc,num,a,15+,214,70,438
PRT,2020,smoking,inc,num,f,15+,62,22,124
PRT,2020,smoking,inc,num,m,15+,154,57,300
PRT,2020,undernutrition,inc,num,a,a,84,71,97
PRY,2020,hiv,inc,num,a,a,351,204,538
PRY,2020,diabetes,inc,num,a,18+,130,38,277
PRY,2020,diabetes,inc,num,f,18+,41,12,86
PRY,2020,diabetes,inc,num,m,18+,88,24,192
PRY,2020,alcohol,inc,num,a,15+,466,162,928
PRY,2020,alcohol,inc,num,f,15+,82,33,152
PRY,2020,alcohol,inc,num,m,15+,436,197,768
PRY,2020,smoking,inc,num,a,15+,226,40,570
PRY,2020,smoking,inc,num,f,15+,27,6,61
PRY,2020,smoking,inc,num,m,15+,240,69,516
PRY,2020,undernutrition,inc,num,a,a,557,470,651
PYF,2020,hiv,inc,num,a,a,,,
PYF,2020,diabetes,inc,num,a,18+,,,
PYF,2020,alcohol,inc,num,a,15+,,,
PYF,2020,smoking,inc,num,a,15+,,,
PYF,2020,undernutrition,inc,num,a,a,5,4,6
QAT,2020,hiv,inc,num,a,a,2,0,8
QAT,2020,diabetes,inc,num,a,18+,84,38,147
QAT,2020,diabetes,inc,num,f,18+,16,7,30
QAT,2020,diabetes,inc,num,m,18+,67,31,115
QAT,2020,alcohol,inc,num,a,15+,6,2,13
QAT,2020,alcohol,inc,num,f,15+,0,0,0
QAT,2020,alcohol,inc,num,m,15+,7,3,13
QAT,2020,smoking,inc,num,a,15+,61,16,134
QAT,2020,smoking,inc,num,f,15+,0,0,1
QAT,2020,smoking,inc,num,m,15+,89,30,179
QAT,2020,undernutrition,inc,num,a,a,,,
ROU,2020,hiv,inc,num,a,a,272,141,444
ROU,2020,diabetes,inc,num,a,18+,395,148,762
ROU,2020,diabetes,inc,num,f,18+,116,39,234
ROU,2020,diabetes,inc,num,m,18+,287,94,585
ROU,2020,alcohol,inc,num,a,15+,734,288,1385
ROU,2020,alcohol,inc,num,f,15+,119,50,216
ROU,2020,alcohol,inc,num,m,15+,771,342,1373
ROU,2020,smoking,inc,num,a,15+,1499,453,3161
ROU,2020,smoking,inc,num,f,15+,307,99,632
ROU,2020,smoking,inc,num,m,15+,1336,485,2611
ROU,2020,undernutrition,inc,num,a,a,,,
RUS,2020,hiv,inc,num,a,a,16292,7971,27536
RUS,2020,diabetes,inc,num,a,18+,2796,794,6036
RUS,2020,diabetes,inc,num,f,18+,946,238,2131
RUS,2020,diabetes,inc,num,m,18+,1796,430,4119
RUS,2020,alcohol,inc,num,a,15+,24209,10210,44148
RUS,2020,alcohol,inc,num,f,15+,3591,1326,6962
RUS,2020,alcohol,inc,num,m,15+,22768,10387,39927
RUS,2020,smoking,inc,num,a,15+,10301,2681,22955
RUS,2020,smoking,inc,num,f,15+,2006,534,4432
RUS,2020,smoking,inc,num,m,15+,9314,2769,19756
RUS,2020,undernutrition,inc,num,a,a,3534,2240,5119
RWA,2020,hiv,inc,num,a,a,1364,844,2006
RWA,2020,diabetes,inc,num,a,18+,158,23,417
RWA,2020,diabetes,inc,num,f,18+,46,9,109
RWA,2020,diabetes,inc,num,m,18+,109,17,286
RWA,2020,alcohol,inc,num,a,15+,1020,250,2320
RWA,2020,alcohol,inc,num,f,15+,115,37,235
RWA,2020,alcohol,inc,num,m,15+,1138,432,2182
RWA,2020,smoking,inc,num,a,15+,437,43,1274
RWA,2020,smoking,inc,num,f,15+,45,7,116
RWA,2020,smoking,inc,num,m,15+,491,106,1166
RWA,2020,undernutrition,inc,num,a,a,3303,2511,4202
SAU,2020,hiv,inc,num,a,a,71,44,104
SAU,2020,diabetes,inc,num,a,18+,223,90,417
SAU,2020,diabetes,inc,num,f,18+,73,31,133
SAU,2020,diabetes,inc,num,m,18+,139,60,250
SAU,2020,alcohol,inc,num,a,15+,19,6,40
SAU,2020,alcohol,inc,num,f,15+,2,0,4
SAU,2020,alcohol,inc,num,m,15+,19,7,37
SAU,2020,smoking,inc,num,a,15+,187,37,456
SAU,2020,smoking,inc,num,f,15+,6,0,17
SAU,2020,smoking,inc,num,m,15+,205,63,431
SAU,2020,undernutrition,inc,num,a,a,268,228,312
SDN,2020,hiv,inc,num,a,a,569,138,1298
SDN,2020,diabetes,inc,num,a,18+,1155,200,2931
SDN,2020,diabetes,inc,num,f,18+,494,112,1156
SDN,2020,diabetes,inc,num,m,18+,641,135,1535
SDN,2020,alcohol,inc,num,a,15+,798,139,2021
SDN,2020,alcohol,inc,num,f,15+,76,19,170
SDN,2020,alcohol,inc,num,m,15+,819,216,1815
SDN,2020,smoking,inc,num,a,15+,,,
SDN,2020,smoking,inc,num,f,15+,,,
SDN,2020,smoking,inc,num,m,15+,,,
SDN,2020,undernutrition,inc,num,a,a,5957,4074,8193
SEN,2020,hiv,inc,num,a,a,957,492,1575
SEN,2020,diabetes,inc,num,a,18+,683,104,1795
SEN,2020,diabetes,inc,num,f,18+,257,49,632
SEN,2020,diabetes,inc,num,m,18+,425,76,1069
SEN,2020,alcohol,inc,num,a,15+,308,48,801
SEN,2020,alcohol,inc,num,f,15+,0,0,0
SEN,2020,alcohol,inc,num,m,15+,373,96,833
SEN,2020,smoking,inc,num,a,15+,792,60,2439
SEN,2020,smoking,inc,num,f,15+,29,2,87
SEN,2020,smoking,inc,num,m,15+,892,164,2224
SEN,2020,undernutrition,inc,num,a,a,3362,2373,4519
SGP,2020,hiv,inc,num,a,a,23,11,39
SGP,2020,diabetes,inc,num,a,18+,102,44,185
SGP,2020,diabetes,inc,num,f,18+,36,13,70
SGP,2020,diabetes,inc,num,m,18+,68,27,127
SGP,2020,alcohol,inc,num,a,15+,67,26,126
SGP,2020,alcohol,inc,num,f,15+,13,5,24
SGP,2020,alcohol,inc,num,m,15+,58,24,105
SGP,2020,smoking,inc,num,a,15+,229,67,489
SGP,2020,smoking,inc,num,f,15+,32,9,69
SGP,2020,smoking,inc,num,m,15+,205,70,409
SGP,2020,undernutrition,inc,num,a,a,,,
SLB,2020,hiv,inc,num,a,a,,,
SLB,2020,diabetes,inc,num,a,18+,22,4,56
SLB,2020,diabetes,inc,num,f,18+,11,2,25
SLB,2020,diabetes,inc,num,m,18+,11,2,27
SLB,2020,alcohol,inc,num,a,15+,38,8,92
SLB,2020,alcohol,inc,num,f,15+,6,1,13
SLB,2020,alcohol,inc,num,m,15+,32,10,66
SLB,2020,smoking,inc,num,a,15+,61,8,167
SLB,2020,smoking,inc,num,f,15+,16,3,39
SLB,2020,smoking,inc,num,m,15+,45,11,102
SLB,2020,undernutrition,inc,num,a,a,101,76,128
SLE,2020,hiv,inc,num,a,a,3216,1438,5699
SLE,2020,diabetes,inc,num,a,18+,773,116,2040
SLE,2020,diabetes,inc,num,f,18+,300,50,772
SLE,2020,diabetes,inc,num,m,18+,470,79,1200
SLE,2020,alcohol,inc,num,a,15+,1740,290,4461
SLE,2020,alcohol,inc,num,f,15+,151,34,353
SLE,2020,alcohol,inc,num,m,15+,1742,445,3908
SLE,2020,smoking,inc,num,a,15+,2318,212,6881
SLE,2020,smoking,inc,num,f,15+,433,63,1152
SLE,2020,smoking,inc,num,m,15+,2020,374,5025
SLE,2020,undernutrition,inc,num,a,a,8635,5527,12424
SLV,2020,hiv,inc,num,a,a,210,120,324
SLV,2020,diabetes,inc,num,a,18+,168,51,354
SLV,2020,diabetes,inc,num,f,18+,48,15,99
SLV,2020,diabetes,inc,num,m,18+,113,31,244
SLV,2020,alcohol,inc,num,a,15+,439,145,895
SLV,2020,alcohol,inc,num,f,15+,73,28,140
SLV,2020,alcohol,inc,num,m,15+,449,183,832
SLV,2020,smoking,inc,num,a,15+,193,25,525
SLV,2020,smoking,inc,num,f,15+,11,2,29
SLV,2020,smoking,inc,num,m,15+,238,52,560
SLV,2020,undernutrition,inc,num,a,a,589,447,750
SOM,2020,hiv,inc,num,a,a,309,123,578
SOM,2020,diabetes,inc,num,a,18+,1322,138,3808
SOM,2020,diabetes,inc,num,f,18+,521,72,1402
SOM,2020,diabetes,inc,num,m,18+,813,109,2208
SOM,2020,alcohol,inc,num,a,15+,372,40,1061
SOM,2020,alcohol,inc,num,f,15+,40,7,98
SOM,2020,alcohol,inc,num,m,15+,315,61,773
SOM,2020,smoking,inc,num,a,15+,,,
SOM,2020,smoking,inc,num,f,15+,,,
SOM,2020,smoking,inc,num,m,15+,,,
SOM,2020,undernutrition,inc,num,a,a,,,
SRB,2020,hiv,inc,num,a,a,3,1,5
SRB,2020,diabetes,inc,num,a,18+,36,13,70
SRB,2020,diabetes,inc,num,f,18+,19,6,38
SRB,2020,diabetes,inc,num,m,18+,16,5,33
SRB,2020,alcohol,inc,num,a,15+,131,55,241
SRB,2020,alcohol,inc,num,f,15+,28,12,51
SRB,2020,alcohol,inc,num,m,15+,85,40,147
SRB,2020,smoking,inc,num,a,15+,201,67,408
SRB,2020,smoking,inc,num,f,15+,112,42,216
SRB,2020,smoking,inc,num,m,15+,84,30,163
SRB,2020,undernutrition,inc,num,a,a,106,89,124
STP,2020,hiv,inc,num,a,a,18,1,55
STP,2020,diabetes,inc,num,a,18+,9,0,31
STP,2020,diabetes,inc,num,f,18+,3,0,11
STP,2020,diabetes,inc,num,m,18+,5,0,19
STP,2020,alcohol,inc,num,a,15+,31,1,102
STP,2020,alcohol,inc,num,f,15+,4,0,12
STP,2020,alcohol,inc,num,m,15+,29,2,87
STP,2020,smoking,inc,num,a,15+,6,0,23
STP,2020,smoking,inc,num,f,15+,0,0,2
STP,2020,smoking,inc,num,m,15+,6,0,21
STP,2020,undernutrition,inc,num,a,a,53,21,101
SUR,2020,hiv,inc,num,a,a,36,18,58
SUR,2020,diabetes,inc,num,a,18+,9,2,19
SUR,2020,diabetes,inc,num,f,18+,3,0,6
SUR,2020,diabetes,inc,num,m,18+,5,1,12
SUR,2020,alcohol,inc,num,a,15+,21,7,44
SUR,2020,alcohol,inc,num,f,15+,3,1,7
SUR,2020,alcohol,inc,num,m,15+,20,8,37
SUR,2020,smoking,inc,num,a,15+,,,
SUR,2020,smoking,inc,num,f,15+,,,
SUR,2020,smoking,inc,num,m,15+,,,
SUR,2020,undernutrition,inc,num,a,a,25,19,32
SVK,2020,hiv,inc,num,a,a,0,0,1
SVK,2020,diabetes,inc,num,a,18+,4,1,9
SVK,2020,diabetes,inc,num,f,18+,1,0,3
SVK,2020,diabetes,inc,num,m,18+,2,0,5
SVK,2020,alcohol,inc,num,a,15+,29,13,51
SVK,2020,alcohol,inc,num,f,15+,3,1,5
SVK,2020,alcohol,inc,num,m,15+,22,11,37
SVK,2020,smoking,inc,num,a,15+,20,6,43
SVK,2020,smoking,inc,num,f,15+,7,2,15
SVK,2020,smoking,inc,num,m,15+,11,3,23
SVK,2020,undernutrition,inc,num,a,a,20,17,24
SVN,2020,hiv,inc,num,a,a,0,0,0
SVN,2020,diabetes,inc,num,a,18+,2,1,5
SVN,2020,diabetes,inc,num,f,18+,1,0,2
SVN,2020,diabetes,inc,num,m,18+,1,0,3
SVN,2020,alcohol,inc,num,a,15+,20,9,35
SVN,2020,alcohol,inc,num,f,15+,3,1,5
SVN,2020,alcohol,inc,num,m,15+,15,8,24
SVN,2020,smoking,inc,num,a,15+,9,2,20
SVN,2020,smoking,inc,num,f,15+,3,1,7
SVN,2020,smoking,inc,num,m,15+,5,1,10
SVN,2020,undernutrition,inc,num,a,a,4,3,5
SWE,2020,hiv,inc,num,a,a,7,3,13
SWE,2020,diabetes,inc,num,a,18+,8,3,15
SWE,2020,diabetes,inc,num,f,18+,3,1,6
SWE,2020,diabetes,inc,num,m,18+,4,1,9
SWE,2020,alcohol,inc,num,a,15+,69,30,123
SWE,2020,alcohol,inc,num,f,15+,23,10,40
SWE,2020,alcohol,inc,num,m,15+,41,20,69
SWE,2020,smoking,inc,num,a,15+,29,8,64
SWE,2020,smoking,inc,num,f,15+,13,4,28
SWE,2020,smoking,inc,num,m,15+,14,4,29
SWE,2020,undernutrition,inc,num,a,a,18,16,22
SWZ,2020,hiv,inc,num,a,a,2232,1269,3462
SWZ,2020,diabetes,inc,num,a,18+,166,30,418
SWZ,2020,diabetes,inc,num,f,18+,80,17,189
SWZ,2020,diabetes,inc,num,m,18+,79,15,197
SWZ,2020,alcohol,inc,num,a,15+,507,102,1231
SWZ,2020,alcohol,inc,num,f,15+,79,19,180
SWZ,2020,alcohol,inc,num,m,15+,453,128,980
SWZ,2020,smoking,inc,num,a,15+,173,13,535
SWZ,2020,smoking,inc,num,f,15+,11,1,35
SWZ,2020,smoking,inc,num,m,15+,177,28,460
SWZ,2020,undernutrition,inc,num,a,a,1002,627,1463
SYC,2020,hiv,inc,num,a,a,,,
SYC,2020,diabetes,inc,num,a,18+,0,0,1
SYC,2020,diabetes,inc,num,f,18+,0,,
SYC,2020,diabetes,inc,num,m,18+,0,0,0
SYC,2020,alcohol,inc,num,a,15+,1,0,2
SYC,2020,alcohol,inc,num,f,15+,0,,
SYC,2020,alcohol,inc,num,m,15+,2,1,3
SYC,2020,smoking,inc,num,a,15+,1,0,2
SYC,2020,smoking,inc,num,f,15+,0,,
SYC,2020,smoking,inc,num,m,15+,1,0,3
SYC,2020,undernutrition,inc,num,a,a,,,
SYR,2020,hiv,inc,num,a,a,3,1,5
SYR,2020,diabetes,inc,num,a,18+,217,70,445
SYR,2020,diabetes,inc,num,f,18+,108,38,215
SYR,2020,diabetes,inc,num,m,18+,105,34,214
SYR,2020,alcohol,inc,num,a,15+,44,11,98
SYR,2020,alcohol,inc,num,f,15+,3,1,7
SYR,2020,alcohol,inc,num,m,15+,36,12,75
SYR,2020,smoking,inc,num,a,15+,,,
SYR,2020,smoking,inc,num,f,15+,,,
SYR,2020,smoking,inc,num,m,15+,,,
SYR,2020,undernutrition,inc,num,a,a,,,
TCD,2020,hiv,inc,num,a,a,3584,1620,6315
TCD,2020,diabetes,inc,num,a,18+,780,80,2259
TCD,2020,diabetes,inc,num,f,18+,263,31,735
TCD,2020,diabetes,inc,num,m,18+,542,71,1481
TCD,2020,alcohol,inc,num,a,15+,371,40,1059
TCD,2020,alcohol,inc,num,f,15+,0,0,0
TCD,2020,alcohol,inc,num,m,15+,452,91,1094
TCD,2020,smoking,inc,num,a,15+,1177,39,4180
TCD,2020,smoking,inc,num,f,15+,54,2,179
TCD,2020,smoking,inc,num,m,15+,1305,160,3624
TCD,2020,undernutrition,inc,num,a,a,11006,7087,15774
TGO,2020,hiv,inc,num,a,a,493,336,679
TGO,2020,diabetes,inc,num,a,18+,99,19,240
TGO,2020,diabetes,inc,num,f,18+,35,8,81
TGO,2020,diabetes,inc,num,m,18+,63,15,146
TGO,2020,alcohol,inc,num,a,15+,516,139,1137
TGO,2020,alcohol,inc,num,f,15+,90,31,179
TGO,2020,alcohol,inc,num,m,15+,464,192,854
TGO,2020,smoking,inc,num,a,15+,113,11,329
TGO,2020,smoking,inc,num,f,15+,4,0,14
TGO,2020,smoking,inc,num,m,15+,128,29,299
TGO,2020,undernutrition,inc,num,a,a,925,741,1128
THA,2020,hiv,inc,num,a,a,9337,5506,14164
THA,2020,diabetes,inc,num,a,18+,4166,1524,8114
THA,2020,diabetes,inc,num,f,18+,1417,486,2836
THA,2020,diabetes,inc,num,m,18+,2720,899,5533
THA,2020,alcohol,inc,num,a,15+,11341,4318,21697
THA,2020,alcohol,inc,num,f,15+,693,261,1330
THA,2020,alcohol,inc,num,m,15+,12751,5493,23012
THA,2020,smoking,inc,num,a,15+,10464,2890,22820
THA,2020,smoking,inc,num,f,15+,323,84,722
THA,2020,smoking,inc,num,m,15+,12129,4150,24311
THA,2020,undernutrition,inc,num,a,a,17777,13371,22800
TJK,2020,hiv,inc,num,a,a,225,127,350
TJK,2020,diabetes,inc,num,a,18+,374,85,871
TJK,2020,diabetes,inc,num,f,18+,134,35,296
TJK,2020,diabetes,inc,num,m,18+,240,60,542
TJK,2020,alcohol,inc,num,a,15+,160,34,379
TJK,2020,alcohol,inc,num,f,15+,19,6,41
TJK,2020,alcohol,inc,num,m,15+,177,55,367
TJK,2020,smoking,inc,num,a,15+,,,
TJK,2020,smoking,inc,num,f,15+,,,
TJK,2020,smoking,inc,num,m,15+,,,
TJK,2020,undernutrition,inc,num,a,a,,,
TKM,2020,hiv,inc,num,a,a,610,262,1103
TKM,2020,diabetes,inc,num,a,18+,159,48,334
TKM,2020,diabetes,inc,num,f,18+,65,20,136
TKM,2020,diabetes,inc,num,m,18+,93,28,198
TKM,2020,alcohol,inc,num,a,15+,333,100,704
TKM,2020,alcohol,inc,num,f,15+,54,18,107
TKM,2020,alcohol,inc,num,m,15+,298,116,566
TKM,2020,smoking,inc,num,a,15+,,,
TKM,2020,smoking,inc,num,f,15+,,,
TKM,2020,smoking,inc,num,m,15+,,,
TKM,2020,undernutrition,inc,num,a,a,230,174,293
TLS,2020,hiv,inc,num,a,a,97,31,199
TLS,2020,diabetes,inc,num,a,18+,175,30,443
TLS,2020,diabetes,inc,num,f,18+,59,11,146
TLS,2020,diabetes,inc,num,m,18+,113,20,285
TLS,2020,alcohol,inc,num,a,15+,263,48,657
TLS,2020,alcohol,inc,num,f,15+,30,7,69
TLS,2020,alcohol,inc,num,m,15+,281,73,628
TLS,2020,smoking,inc,num,a,15+,1142,161,3060
TLS,2020,smoking,inc,num,f,15+,126,20,326
TLS,2020,smoking,inc,num,m,15+,1141,283,2584
TLS,2020,undernutrition,inc,num,a,a,2710,1744,3885
TON,2020,hiv,inc,num,a,a,,,
TON,2020,diabetes,inc,num,a,18+,0,0,1
TON,2020,diabetes,inc,num,f,18+,0,0,0
TON,2020,diabetes,inc,num,m,18+,0,0,1
TON,2020,alcohol,inc,num,a,15+,0,0,2
TON,2020,alcohol,inc,num,f,15+,0,0,0
TON,2020,alcohol,inc,num,m,15+,1,0,1
TON,2020,smoking,inc,num,a,15+,1,0,3
TON,2020,smoking,inc,num,f,15+,0,0,0
TON,2020,smoking,inc,num,m,15+,1,0,2
TON,2020,undernutrition,inc,num,a,a,,,
TTO,2020,hiv,inc,num,a,a,40,25,57
TTO,2020,diabetes,inc,num,a,18+,13,4,27
TTO,2020,diabetes,inc,num,f,18+,3,1,7
TTO,2020,diabetes,inc,num,m,18+,9,2,19
TTO,2020,alcohol,inc,num,a,15+,33,13,62
TTO,2020,alcohol,inc,num,f,15+,4,2,8
TTO,2020,alcohol,inc,num,m,15+,34,16,58
TTO,2020,smoking,inc,num,a,15+,,,
TTO,2020,smoking,inc,num,f,15+,,,
TTO,2020,smoking,inc,num,m,15+,,,
TTO,2020,undernutrition,inc,num,a,a,27,23,31
TUN,2020,hiv,inc,num,a,a,30,8,66
TUN,2020,diabetes,inc,num,a,18+,247,91,480
TUN,2020,diabetes,inc,num,f,18+,125,44,248
TUN,2020,diabetes,inc,num,m,18+,119,41,237
TUN,2020,alcohol,inc,num,a,15+,58,17,122
TUN,2020,alcohol,inc,num,f,15+,9,3,19
TUN,2020,alcohol,inc,num,m,15+,52,18,104
TUN,2020,smoking,inc,num,a,15+,469,101,1114
TUN,2020,smoking,inc,num,f,15+,23,4,57
TUN,2020,smoking,inc,num,m,15+,399,122,839
TUN,2020,undernutrition,inc,num,a,a,224,170,286
TUR,2020,hiv,inc,num,a,a,147,96,208
TUR,2020,diabetes,inc,num,a,18+,797,332,1463
TUR,2020,diabetes,inc,num,f,18+,358,158,639
TUR,2020,diabetes,inc,num,m,18+,417,175,763
TUR,2020,alcohol,inc,num,a,15+,1253,452,2455
TUR,2020,alcohol,inc,num,f,15+,206,83,384
TUR,2020,alcohol,inc,num,m,15+,1077,480,1912
TUR,2020,smoking,inc,num,a,15+,1761,472,3883
TUR,2020,smoking,inc,num,f,15+,473,150,980
TUR,2020,smoking,inc,num,m,15+,1281,459,2516
TUR,2020,undernutrition,inc,num,a,a,669,564,783
TUV,2020,hiv,inc,num,a,a,,,
TUV,2020,diabetes,inc,num,a,18+,3,1,6
TUV,2020,diabetes,inc,num,f,18+,1,0,2
TUV,2020,diabetes,inc,num,m,18+,2,0,3
TUV,2020,alcohol,inc,num,a,15+,3,1,7
TUV,2020,alcohol,inc,num,f,15+,0,0,0
TUV,2020,alcohol,inc,num,m,15+,3,1,6
TUV,2020,smoking,inc,num,a,15+,5,1,13
TUV,2020,smoking,inc,num,f,15+,1,0,2
TUV,2020,smoking,inc,num,m,15+,4,1,9
TUV,2020,undernutrition,inc,num,a,a,,,
TZA,2020,hiv,inc,num,a,a,26148,6725,58514
TZA,2020,diabetes,inc,num,a,18+,3916,297,12080
TZA,2020,diabetes,inc,num,f,18+,1458,133,4329
TZA,2020,diabetes,inc,num,m,18+,2411,208,7245
TZA,2020,alcohol,inc,num,a,15+,17912,1507,54099
TZA,2020,alcohol,inc,num,f,15+,2399,277,6761
TZA,2020,alcohol,inc,num,m,15+,17243,2315,46836
TZA,2020,smoking,inc,num,a,15+,7742,219,28125
TZA,2020,smoking,inc,num,f,15+,556,28,1841
TZA,2020,smoking,inc,num,m,15+,8318,622,25722
TZA,2020,undernutrition,inc,num,a,a,47085,22210,81148
UGA,2020,hiv,inc,num,a,a,28244,12792,49711
UGA,2020,diabetes,inc,num,a,18+,,,
UGA,2020,diabetes,inc,num,f,18+,,,
UGA,2020,diabetes,inc,num,m,18+,,,
UGA,2020,alcohol,inc,num,a,15+,,,
UGA,2020,alcohol,inc,num,f,15+,,,
UGA,2020,alcohol,inc,num,m,15+,,,
UGA,2020,smoking,inc,num,a,15+,,,
UGA,2020,smoking,inc,num,f,15+,,,
UGA,2020,smoking,inc,num,m,15+,,,
UGA,2020,undernutrition,inc,num,a,a,,,
UKR,2020,hiv,inc,num,a,a,6983,3412,11813
UKR,2020,diabetes,inc,num,a,18+,968,254,2149
UKR,2020,diabetes,inc,num,f,18+,303,64,725
UKR,2020,diabetes,inc,num,m,18+,661,134,1600
UKR,2020,alcohol,inc,num,a,15+,3346,1051,6947
UKR,2020,alcohol,inc,num,f,15+,276,79,594
UKR,2020,alcohol,inc,num,m,15+,3870,1247,7953
UKR,2020,smoking,inc,num,a,15+,3435,813,7910
UKR,2020,smoking,inc,num,f,15+,465,103,1092
UKR,2020,smoking,inc,num,m,15+,3437,876,7715
UKR,2020,undernutrition,inc,num,a,a,2286,1518,3207
URY,2020,hiv,inc,num,a,a,151,101,212
URY,2020,diabetes,inc,num,a,18+,47,17,91
URY,2020,diabetes,inc,num,f,18+,14,5,28
URY,2020,diabetes,inc,num,m,18+,31,10,63
URY,2020,alcohol,inc,num,a,15+,133,52,251
URY,2020,alcohol,inc,num,f,15+,23,9,41
URY,2020,alcohol,inc,num,m,15+,130,60,226
URY,2020,smoking,inc,num,a,15+,113,30,249
URY,2020,smoking,inc,num,f,15+,29,9,60
URY,2020,smoking,inc,num,m,15+,89,29,180
URY,2020,undernutrition,inc,num,a,a,58,49,67
USA,2020,hiv,inc,num,a,a,352,239,486
USA,2020,diabetes,inc,num,a,18+,276,112,513
USA,2020,diabetes,inc,num,f,18+,96,35,188
USA,2020,diabetes,inc,num,m,18+,156,56,304
USA,2020,alcohol,inc,num,a,15+,1887,866,3299
USA,2020,alcohol,inc,num,f,15+,600,287,1027
USA,2020,alcohol,inc,num,m,15+,1131,570,1881
USA,2020,smoking,inc,num,a,15+,792,225,1709
USA,2020,smoking,inc,num,f,15+,268,89,545
USA,2020,smoking,inc,num,m,15+,456,151,925
USA,2020,undernutrition,inc,num,a,a,410,349,477
UZB,2020,hiv,inc,num,a,a,675,320,1161
UZB,2020,diabetes,inc,num,a,18+,1083,304,2348
UZB,2020,diabetes,inc,num,f,18+,500,135,1101
UZB,2020,diabetes,inc,num,m,18+,576,148,1287
UZB,2020,alcohol,inc,num,a,15+,2583,737,5563
UZB,2020,alcohol,inc,num,f,15+,461,142,963
UZB,2020,alcohol,inc,num,m,15+,2142,737,4283
UZB,2020,smoking,inc,num,a,15+,1399,202,3727
UZB,2020,smoking,inc,num,f,15+,72,8,206
UZB,2020,smoking,inc,num,m,15+,1333,288,3163
UZB,2020,undernutrition,inc,num,a,a,1193,824,1630
VCT,2020,hiv,inc,num,a,a,,,
VCT,2020,diabetes,inc,num,a,18+,0,0,0
VCT,2020,diabetes,inc,num,f,18+,0,0,0
VCT,2020,diabetes,inc,num,m,18+,0,0,0
VCT,2020,alcohol,inc,num,a,15+,0,0,1
VCT,2020,alcohol,inc,num,f,15+,0,0,0
VCT,2020,alcohol,inc,num,m,15+,1,0,1
VCT,2020,smoking,inc,num,a,15+,,,
VCT,2020,smoking,inc,num,f,15+,,,
VCT,2020,smoking,inc,num,m,15+,,,
VCT,2020,undernutrition,inc,num,a,a,0,0,0
VEN,2020,hiv,inc,num,a,a,954,314,1942
VEN,2020,diabetes,inc,num,a,18+,588,184,1224
VEN,2020,diabetes,inc,num,f,18+,199,61,418
VEN,2020,diabetes,inc,num,m,18+,390,124,804
VEN,2020,alcohol,inc,num,a,15+,1782,589,3625
VEN,2020,alcohol,inc,num,f,15+,376,142,723
VEN,2020,alcohol,inc,num,m,15+,1545,634,2855
VEN,2020,smoking,inc,num,a,15+,,,
VEN,2020,smoking,inc,num,f,15+,,,
VEN,2020,smoking,inc,num,m,15+,,,
VEN,2020,undernutrition,inc,num,a,a,5435,4131,6915
VNM,2020,hiv,inc,num,a,a,5450,2269,9999
VNM,2020,diabetes,inc,num,a,18+,3941,987,8904
VNM,2020,diabetes,inc,num,f,18+,1104,249,2583
VNM,2020,diabetes,inc,num,m,18+,2884,591,6957
VNM,2020,alcohol,inc,num,a,15+,16922,4678,36892
VNM,2020,alcohol,inc,num,f,15+,1209,338,2624
VNM,2020,alcohol,inc,num,m,15+,19783,6190,41130
VNM,2020,smoking,inc,num,a,15+,,,
VNM,2020,smoking,inc,num,f,15+,,,
VNM,2020,smoking,inc,num,m,15+,,,
VNM,2020,undernutrition,inc,num,a,a,21182,13522,30533
VUT,2020,hiv,inc,num,a,a,,,
VUT,2020,diabetes,inc,num,a,18+,7,1,17
VUT,2020,diabetes,inc,num,f,18+,3,0,7
VUT,2020,diabetes,inc,num,m,18+,4,1,9
VUT,2020,alcohol,inc,num,a,15+,11,2,25
VUT,2020,alcohol,inc,num,f,15+,1,0,3
VUT,2020,alcohol,inc,num,m,15+,9,3,18
VUT,2020,smoking,inc,num,a,15+,10,1,30
VUT,2020,smoking,inc,num,f,15+,0,0,2
VUT,2020,smoking,inc,num,m,15+,9,2,22
VUT,2020,undernutrition,inc,num,a,a,20,15,26
WSM,2020,hiv,inc,num,a,a,,,
WSM,2020,diabetes,inc,num,a,18+,1,0,2
WSM,2020,diabetes,inc,num,f,18+,0,0,1
WSM,2020,diabetes,inc,num,m,18+,0,0,0
WSM,2020,alcohol,inc,num,a,15+,1,0,2
WSM,2020,alcohol,inc,num,f,15+,0,0,0
WSM,2020,alcohol,inc,num,m,15+,0,0,1
WSM,2020,smoking,inc,num,a,15+,1,0,4
WSM,2020,smoking,inc,num,f,15+,0,0,1
WSM,2020,smoking,inc,num,m,15+,0,0,1
WSM,2020,undernutrition,inc,num,a,a,0,0,0
YEM,2020,hiv,inc,num,a,a,99,51,164
YEM,2020,diabetes,inc,num,a,18+,759,192,1707
YEM,2020,diabetes,inc,num,f,18+,307,89,657
YEM,2020,diabetes,inc,num,m,18+,455,136,963
YEM,2020,alcohol,inc,num,a,15+,131,29,308
YEM,2020,alcohol,inc,num,f,15+,14,5,29
YEM,2020,alcohol,inc,num,m,15+,106,37,212
YEM,2020,smoking,inc,num,a,15+,1196,94,3663
YEM,2020,smoking,inc,num,f,15+,208,30,550
YEM,2020,smoking,inc,num,m,15+,1000,207,2406
YEM,2020,undernutrition,inc,num,a,a,,,
ZAF,2020,hiv,inc,num,a,a,218277,141281,311754
ZAF,2020,diabetes,inc,num,a,18+,9151,1411,23973
ZAF,2020,diabetes,inc,num,f,18+,3912,530,10601
ZAF,2020,diabetes,inc,num,m,18+,4838,563,13606
ZAF,2020,alcohol,inc,num,a,15+,23800,3992,60931
ZAF,2020,alcohol,inc,num,f,15+,2667,414,6971
ZAF,2020,alcohol,inc,num,m,15+,23160,4141,58221
ZAF,2020,smoking,inc,num,a,15+,17844,1876,51370
ZAF,2020,smoking,inc,num,f,15+,2570,278,7348
ZAF,2020,smoking,inc,num,m,15+,16799,2158,46130
ZAF,2020,undernutrition,inc,num,a,a,36587,25543,49584
ZMB,2020,hiv,inc,num,a,a,20153,10283,33288
ZMB,2020,diabetes,inc,num,a,18+,1870,246,5102
ZMB,2020,diabetes,inc,num,f,18+,710,123,1799
ZMB,2020,diabetes,inc,num,m,18+,1149,185,2974
ZMB,2020,alcohol,inc,num,a,15+,6597,1017,17283
ZMB,2020,alcohol,inc,num,f,15+,597,134,1398
ZMB,2020,alcohol,inc,num,m,15+,6706,1743,14950
ZMB,2020,smoking,inc,num,a,15+,4144,288,13002
ZMB,2020,smoking,inc,num,f,15+,369,50,997
ZMB,2020,smoking,inc,num,m,15+,4346,739,11082
ZMB,2020,undernutrition,inc,num,a,a,,,
ZWE,2020,hiv,inc,num,a,a,14265,9556,19903
ZWE,2020,diabetes,inc,num,a,18+,958,162,2446
ZWE,2020,diabetes,inc,num,f,18+,419,93,986
ZWE,2020,diabetes,inc,num,m,18+,516,101,1262
ZWE,2020,alcohol,inc,num,a,15+,3595,765,8571
ZWE,2020,alcohol,inc,num,f,15+,511,154,1075
ZWE,2020,alcohol,inc,num,m,15+,3327,1134,6680
ZWE,2020,smoking,inc,num,a,15+,2032,177,6092
ZWE,2020,smoking,inc,num,f,15+,84,6,257
ZWE,2020,smoking,inc,num,m,15+,2115,438,5085
ZWE,2020,undernutrition,inc,num,a,a,,,
